<?xml version="1.0" encoding="UTF-8" ?>
<gpx version="1.1" xmlns:xsi="http://www.w3.org/2001/XMLSchema-instance" 
    xmlns="http://www.topografix.com/GPX/1/1" 
    xsi:schemaLocation="http://www.topografix.com/GPX/1/1 http://www.topografix.com/GPX/1/1/gpx.xsd" 
    creator="Openrunner - https://www.openrunner.com" >	<trk>
						<name>triathlon rumilly 2025 L-20674992</name>
						<trkseg>
					<trkpt lat="45.847540" lon="5.965810">
						<ele>338</ele>
						<time>2025-03-18T17:16:20Z</time>
					</trkpt>
					<trkpt lat="45.847720" lon="5.965350">
						<ele>339</ele>
						<time>2025-03-18T17:16:27Z</time>
					</trkpt>
					<trkpt lat="45.847760" lon="5.965180">
						<ele>339</ele>
						<time>2025-03-18T17:16:29Z</time>
					</trkpt>
					<trkpt lat="45.847800" lon="5.964810">
						<ele>340</ele>
						<time>2025-03-18T17:16:33Z</time>
					</trkpt>
					<trkpt lat="45.847800" lon="5.964700">
						<ele>340</ele>
						<time>2025-03-18T17:16:35Z</time>
					</trkpt>
					<trkpt lat="45.847740" lon="5.964030">
						<ele>340</ele>
						<time>2025-03-18T17:16:43Z</time>
					</trkpt>
					<trkpt lat="45.847510" lon="5.963830">
						<ele>342</ele>
						<time>2025-03-18T17:16:48Z</time>
					</trkpt>
					<trkpt lat="45.847300" lon="5.963620">
						<ele>342</ele>
						<time>2025-03-18T17:16:52Z</time>
					</trkpt>
					<trkpt lat="45.846800" lon="5.963080">
						<ele>343</ele>
						<time>2025-03-18T17:17:04Z</time>
					</trkpt>
					<trkpt lat="45.846740" lon="5.963030">
						<ele>343</ele>
						<time>2025-03-18T17:17:05Z</time>
					</trkpt>
					<trkpt lat="45.846670" lon="5.963000">
						<ele>344</ele>
						<time>2025-03-18T17:17:06Z</time>
					</trkpt>
					<trkpt lat="45.846630" lon="5.962990">
						<ele>344</ele>
						<time>2025-03-18T17:17:07Z</time>
					</trkpt>
					<trkpt lat="45.846130" lon="5.962970">
						<ele>346</ele>
						<time>2025-03-18T17:17:16Z</time>
					</trkpt>
					<trkpt lat="45.845930" lon="5.962940">
						<ele>347</ele>
						<time>2025-03-18T17:17:19Z</time>
					</trkpt>
					<trkpt lat="45.845760" lon="5.962900">
						<ele>347</ele>
						<time>2025-03-18T17:17:22Z</time>
					</trkpt>
					<trkpt lat="45.845550" lon="5.962850">
						<ele>347</ele>
						<time>2025-03-18T17:17:26Z</time>
					</trkpt>
					<trkpt lat="45.845400" lon="5.962760">
						<ele>347</ele>
						<time>2025-03-18T17:17:29Z</time>
					</trkpt>
					<trkpt lat="45.845300" lon="5.962660">
						<ele>348</ele>
						<time>2025-03-18T17:17:31Z</time>
					</trkpt>
					<trkpt lat="45.845280" lon="5.962600">
						<ele>348</ele>
						<time>2025-03-18T17:17:32Z</time>
					</trkpt>
					<trkpt lat="45.845250" lon="5.962530">
						<ele>348</ele>
						<time>2025-03-18T17:17:33Z</time>
					</trkpt>
					<trkpt lat="45.845200" lon="5.962490">
						<ele>348</ele>
						<time>2025-03-18T17:17:34Z</time>
					</trkpt>
					<trkpt lat="45.845150" lon="5.962470">
						<ele>348</ele>
						<time>2025-03-18T17:17:35Z</time>
					</trkpt>
					<trkpt lat="45.845100" lon="5.962470">
						<ele>348</ele>
						<time>2025-03-18T17:17:36Z</time>
					</trkpt>
					<trkpt lat="45.845050" lon="5.962490">
						<ele>348</ele>
						<time>2025-03-18T17:17:37Z</time>
					</trkpt>
					<trkpt lat="45.845010" lon="5.962530">
						<ele>348</ele>
						<time>2025-03-18T17:17:38Z</time>
					</trkpt>
					<trkpt lat="45.845000" lon="5.962550">
						<ele>348</ele>
						<time>2025-03-18T17:17:38Z</time>
					</trkpt>
					<trkpt lat="45.844970" lon="5.962600">
						<ele>348</ele>
						<time>2025-03-18T17:17:39Z</time>
					</trkpt>
					<trkpt lat="45.844960" lon="5.962650">
						<ele>348</ele>
						<time>2025-03-18T17:17:39Z</time>
					</trkpt>
					<trkpt lat="45.844960" lon="5.962740">
						<ele>347</ele>
						<time>2025-03-18T17:17:41Z</time>
					</trkpt>
					<trkpt lat="45.844960" lon="5.962780">
						<ele>347</ele>
						<time>2025-03-18T17:17:41Z</time>
					</trkpt>
					<trkpt lat="45.844990" lon="5.962860">
						<ele>347</ele>
						<time>2025-03-18T17:17:42Z</time>
					</trkpt>
					<trkpt lat="45.844950" lon="5.963000">
						<ele>347</ele>
						<time>2025-03-18T17:17:44Z</time>
					</trkpt>
					<trkpt lat="45.844920" lon="5.963100">
						<ele>347</ele>
						<time>2025-03-18T17:17:45Z</time>
					</trkpt>
					<trkpt lat="45.844430" lon="5.964200">
						<ele>347</ele>
						<time>2025-03-18T17:18:02Z</time>
					</trkpt>
					<trkpt lat="45.844010" lon="5.965320">
						<ele>344</ele>
						<time>2025-03-18T17:18:17Z</time>
					</trkpt>
					<trkpt lat="45.843000" lon="5.967670">
						<ele>348</ele>
						<time>2025-03-18T17:18:52Z</time>
					</trkpt>
					<trkpt lat="45.842790" lon="5.968140">
						<ele>352</ele>
						<time>2025-03-18T17:18:59Z</time>
					</trkpt>
					<trkpt lat="45.842670" lon="5.968410">
						<ele>354</ele>
						<time>2025-03-18T17:19:03Z</time>
					</trkpt>
					<trkpt lat="45.841800" lon="5.970090">
						<ele>363</ele>
						<time>2025-03-18T17:19:28Z</time>
					</trkpt>
					<trkpt lat="45.840740" lon="5.972200">
						<ele>364</ele>
						<time>2025-03-18T17:20:01Z</time>
					</trkpt>
					<trkpt lat="45.839960" lon="5.973770">
						<ele>369</ele>
						<time>2025-03-18T17:20:25Z</time>
					</trkpt>
					<trkpt lat="45.839210" lon="5.975200">
						<ele>370</ele>
						<time>2025-03-18T17:20:47Z</time>
					</trkpt>
					<trkpt lat="45.839060" lon="5.975500">
						<ele>370</ele>
						<time>2025-03-18T17:20:51Z</time>
					</trkpt>
					<trkpt lat="45.839000" lon="5.975620">
						<ele>370</ele>
						<time>2025-03-18T17:20:53Z</time>
					</trkpt>
					<trkpt lat="45.838770" lon="5.976010">
						<ele>372</ele>
						<time>2025-03-18T17:21:00Z</time>
					</trkpt>
					<trkpt lat="45.838480" lon="5.976390">
						<ele>373</ele>
						<time>2025-03-18T17:21:07Z</time>
					</trkpt>
					<trkpt lat="45.838150" lon="5.976730">
						<ele>376</ele>
						<time>2025-03-18T17:21:14Z</time>
					</trkpt>
					<trkpt lat="45.837910" lon="5.976910">
						<ele>379</ele>
						<time>2025-03-18T17:21:19Z</time>
					</trkpt>
					<trkpt lat="45.837820" lon="5.976980">
						<ele>380</ele>
						<time>2025-03-18T17:21:20Z</time>
					</trkpt>
					<trkpt lat="45.837730" lon="5.977030">
						<ele>381</ele>
						<time>2025-03-18T17:21:22Z</time>
					</trkpt>
					<trkpt lat="45.837470" lon="5.977180">
						<ele>383</ele>
						<time>2025-03-18T17:21:27Z</time>
					</trkpt>
					<trkpt lat="45.837170" lon="5.977310">
						<ele>383</ele>
						<time>2025-03-18T17:21:33Z</time>
					</trkpt>
					<trkpt lat="45.836450" lon="5.977610">
						<ele>384</ele>
						<time>2025-03-18T17:21:46Z</time>
					</trkpt>
					<trkpt lat="45.834990" lon="5.978210">
						<ele>387</ele>
						<time>2025-03-18T17:22:13Z</time>
					</trkpt>
					<trkpt lat="45.834190" lon="5.978550">
						<ele>388</ele>
						<time>2025-03-18T17:22:28Z</time>
					</trkpt>
					<trkpt lat="45.831920" lon="5.979520">
						<ele>393</ele>
						<time>2025-03-18T17:23:10Z</time>
					</trkpt>
					<trkpt lat="45.831560" lon="5.979750">
						<ele>393</ele>
						<time>2025-03-18T17:23:17Z</time>
					</trkpt>
					<trkpt lat="45.831360" lon="5.979950">
						<ele>392</ele>
						<time>2025-03-18T17:23:21Z</time>
					</trkpt>
					<trkpt lat="45.831230" lon="5.980140">
						<ele>392</ele>
						<time>2025-03-18T17:23:25Z</time>
					</trkpt>
					<trkpt lat="45.831070" lon="5.980480">
						<ele>393</ele>
						<time>2025-03-18T17:23:30Z</time>
					</trkpt>
					<trkpt lat="45.831000" lon="5.980690">
						<ele>393</ele>
						<time>2025-03-18T17:23:33Z</time>
					</trkpt>
					<trkpt lat="45.830820" lon="5.981400">
						<ele>393</ele>
						<time>2025-03-18T17:23:42Z</time>
					</trkpt>
					<trkpt lat="45.830750" lon="5.981640">
						<ele>394</ele>
						<time>2025-03-18T17:23:45Z</time>
					</trkpt>
					<trkpt lat="45.830670" lon="5.981880">
						<ele>396</ele>
						<time>2025-03-18T17:23:49Z</time>
					</trkpt>
					<trkpt lat="45.830580" lon="5.982080">
						<ele>397</ele>
						<time>2025-03-18T17:23:51Z</time>
					</trkpt>
					<trkpt lat="45.830490" lon="5.982240">
						<ele>398</ele>
						<time>2025-03-18T17:23:54Z</time>
					</trkpt>
					<trkpt lat="45.830410" lon="5.982360">
						<ele>398</ele>
						<time>2025-03-18T17:23:56Z</time>
					</trkpt>
					<trkpt lat="45.830220" lon="5.982620">
						<ele>398</ele>
						<time>2025-03-18T17:24:01Z</time>
					</trkpt>
					<trkpt lat="45.830040" lon="5.982840">
						<ele>397</ele>
						<time>2025-03-18T17:24:05Z</time>
					</trkpt>
					<trkpt lat="45.829730" lon="5.983370">
						<ele>398</ele>
						<time>2025-03-18T17:24:14Z</time>
					</trkpt>
					<trkpt lat="45.829630" lon="5.983560">
						<ele>398</ele>
						<time>2025-03-18T17:24:17Z</time>
					</trkpt>
					<trkpt lat="45.829580" lon="5.983690">
						<ele>398</ele>
						<time>2025-03-18T17:24:18Z</time>
					</trkpt>
					<trkpt lat="45.829450" lon="5.984060">
						<ele>399</ele>
						<time>2025-03-18T17:24:23Z</time>
					</trkpt>
					<trkpt lat="45.829370" lon="5.984330">
						<ele>400</ele>
						<time>2025-03-18T17:24:27Z</time>
					</trkpt>
					<trkpt lat="45.829260" lon="5.984590">
						<ele>400</ele>
						<time>2025-03-18T17:24:31Z</time>
					</trkpt>
					<trkpt lat="45.828980" lon="5.985470">
						<ele>402</ele>
						<time>2025-03-18T17:24:43Z</time>
					</trkpt>
					<trkpt lat="45.828870" lon="5.985780">
						<ele>401</ele>
						<time>2025-03-18T17:24:47Z</time>
					</trkpt>
					<trkpt lat="45.828780" lon="5.986050">
						<ele>402</ele>
						<time>2025-03-18T17:24:51Z</time>
					</trkpt>
					<trkpt lat="45.828660" lon="5.986410">
						<ele>403</ele>
						<time>2025-03-18T17:24:56Z</time>
					</trkpt>
					<trkpt lat="45.828470" lon="5.987040">
						<ele>404</ele>
						<time>2025-03-18T17:25:04Z</time>
					</trkpt>
					<trkpt lat="45.828190" lon="5.987720">
						<ele>406</ele>
						<time>2025-03-18T17:25:14Z</time>
					</trkpt>
					<trkpt lat="45.828020" lon="5.988130">
						<ele>407</ele>
						<time>2025-03-18T17:25:20Z</time>
					</trkpt>
					<trkpt lat="45.827930" lon="5.988300">
						<ele>406</ele>
						<time>2025-03-18T17:25:23Z</time>
					</trkpt>
					<trkpt lat="45.827850" lon="5.988450">
						<ele>407</ele>
						<time>2025-03-18T17:25:25Z</time>
					</trkpt>
					<trkpt lat="45.827640" lon="5.988750">
						<ele>407</ele>
						<time>2025-03-18T17:25:30Z</time>
					</trkpt>
					<trkpt lat="45.827300" lon="5.989140">
						<ele>407</ele>
						<time>2025-03-18T17:25:38Z</time>
					</trkpt>
					<trkpt lat="45.827090" lon="5.989330">
						<ele>408</ele>
						<time>2025-03-18T17:25:43Z</time>
					</trkpt>
					<trkpt lat="45.826840" lon="5.989590">
						<ele>409</ele>
						<time>2025-03-18T17:25:48Z</time>
					</trkpt>
					<trkpt lat="45.825920" lon="5.990430">
						<ele>414</ele>
						<time>2025-03-18T17:26:07Z</time>
					</trkpt>
					<trkpt lat="45.825350" lon="5.990980">
						<ele>418</ele>
						<time>2025-03-18T17:26:20Z</time>
					</trkpt>
					<trkpt lat="45.824500" lon="5.991800">
						<ele>423</ele>
						<time>2025-03-18T17:26:38Z</time>
					</trkpt>
					<trkpt lat="45.824190" lon="5.992080">
						<ele>424</ele>
						<time>2025-03-18T17:26:44Z</time>
					</trkpt>
					<trkpt lat="45.823940" lon="5.992360">
						<ele>427</ele>
						<time>2025-03-18T17:26:50Z</time>
					</trkpt>
					<trkpt lat="45.823760" lon="5.992510">
						<ele>429</ele>
						<time>2025-03-18T17:26:54Z</time>
					</trkpt>
					<trkpt lat="45.823550" lon="5.992700">
						<ele>431</ele>
						<time>2025-03-18T17:26:58Z</time>
					</trkpt>
					<trkpt lat="45.823360" lon="5.992920">
						<ele>433</ele>
						<time>2025-03-18T17:27:02Z</time>
					</trkpt>
					<trkpt lat="45.823220" lon="5.993050">
						<ele>434</ele>
						<time>2025-03-18T17:27:05Z</time>
					</trkpt>
					<trkpt lat="45.823080" lon="5.993190">
						<ele>435</ele>
						<time>2025-03-18T17:27:08Z</time>
					</trkpt>
					<trkpt lat="45.822900" lon="5.993360">
						<ele>437</ele>
						<time>2025-03-18T17:27:12Z</time>
					</trkpt>
					<trkpt lat="45.822760" lon="5.993480">
						<ele>437</ele>
						<time>2025-03-18T17:27:15Z</time>
					</trkpt>
					<trkpt lat="45.822580" lon="5.993650">
						<ele>438</ele>
						<time>2025-03-18T17:27:19Z</time>
					</trkpt>
					<trkpt lat="45.822240" lon="5.994020">
						<ele>438</ele>
						<time>2025-03-18T17:27:27Z</time>
					</trkpt>
					<trkpt lat="45.822100" lon="5.994200">
						<ele>439</ele>
						<time>2025-03-18T17:27:30Z</time>
					</trkpt>
					<trkpt lat="45.821860" lon="5.994590">
						<ele>440</ele>
						<time>2025-03-18T17:27:36Z</time>
					</trkpt>
					<trkpt lat="45.821770" lon="5.994790">
						<ele>440</ele>
						<time>2025-03-18T17:27:39Z</time>
					</trkpt>
					<trkpt lat="45.821620" lon="5.995150">
						<ele>441</ele>
						<time>2025-03-18T17:27:45Z</time>
					</trkpt>
					<trkpt lat="45.821570" lon="5.995330">
						<ele>442</ele>
						<time>2025-03-18T17:27:47Z</time>
					</trkpt>
					<trkpt lat="45.821540" lon="5.995440">
						<ele>442</ele>
						<time>2025-03-18T17:27:48Z</time>
					</trkpt>
					<trkpt lat="45.821490" lon="5.995600">
						<ele>442</ele>
						<time>2025-03-18T17:27:51Z</time>
					</trkpt>
					<trkpt lat="45.821430" lon="5.995870">
						<ele>443</ele>
						<time>2025-03-18T17:27:54Z</time>
					</trkpt>
					<trkpt lat="45.821390" lon="5.996110">
						<ele>442</ele>
						<time>2025-03-18T17:27:57Z</time>
					</trkpt>
					<trkpt lat="45.821200" lon="5.997290">
						<ele>441</ele>
						<time>2025-03-18T17:28:12Z</time>
					</trkpt>
					<trkpt lat="45.821110" lon="5.997960">
						<ele>441</ele>
						<time>2025-03-18T17:28:21Z</time>
					</trkpt>
					<trkpt lat="45.820980" lon="5.998540">
						<ele>441</ele>
						<time>2025-03-18T17:28:28Z</time>
					</trkpt>
					<trkpt lat="45.820830" lon="5.999050">
						<ele>440</ele>
						<time>2025-03-18T17:28:35Z</time>
					</trkpt>
					<trkpt lat="45.820680" lon="5.999390">
						<ele>441</ele>
						<time>2025-03-18T17:28:40Z</time>
					</trkpt>
					<trkpt lat="45.820590" lon="5.999610">
						<ele>441</ele>
						<time>2025-03-18T17:28:43Z</time>
					</trkpt>
					<trkpt lat="45.820480" lon="5.999830">
						<ele>442</ele>
						<time>2025-03-18T17:28:47Z</time>
					</trkpt>
					<trkpt lat="45.820280" lon="6.000120">
						<ele>443</ele>
						<time>2025-03-18T17:28:52Z</time>
					</trkpt>
					<trkpt lat="45.820050" lon="6.000350">
						<ele>444</ele>
						<time>2025-03-18T17:28:57Z</time>
					</trkpt>
					<trkpt lat="45.819960" lon="6.000430">
						<ele>445</ele>
						<time>2025-03-18T17:28:59Z</time>
					</trkpt>
					<trkpt lat="45.819860" lon="6.000510">
						<ele>445</ele>
						<time>2025-03-18T17:29:01Z</time>
					</trkpt>
					<trkpt lat="45.819720" lon="6.000590">
						<ele>445</ele>
						<time>2025-03-18T17:29:03Z</time>
					</trkpt>
					<trkpt lat="45.819710" lon="6.000590">
						<ele>445</ele>
						<time>2025-03-18T17:29:03Z</time>
					</trkpt>
					<trkpt lat="45.819630" lon="6.000610">
						<ele>446</ele>
						<time>2025-03-18T17:29:05Z</time>
					</trkpt>
					<trkpt lat="45.819580" lon="6.000650">
						<ele>446</ele>
						<time>2025-03-18T17:29:06Z</time>
					</trkpt>
					<trkpt lat="45.819550" lon="6.000720">
						<ele>446</ele>
						<time>2025-03-18T17:29:07Z</time>
					</trkpt>
					<trkpt lat="45.819530" lon="6.000800">
						<ele>446</ele>
						<time>2025-03-18T17:29:08Z</time>
					</trkpt>
					<trkpt lat="45.819390" lon="6.001030">
						<ele>447</ele>
						<time>2025-03-18T17:29:12Z</time>
					</trkpt>
					<trkpt lat="45.819310" lon="6.001120">
						<ele>447</ele>
						<time>2025-03-18T17:29:14Z</time>
					</trkpt>
					<trkpt lat="45.818700" lon="6.001550">
						<ele>449</ele>
						<time>2025-03-18T17:29:26Z</time>
					</trkpt>
					<trkpt lat="45.818500" lon="6.001690">
						<ele>449</ele>
						<time>2025-03-18T17:29:30Z</time>
					</trkpt>
					<trkpt lat="45.818120" lon="6.001950">
						<ele>451</ele>
						<time>2025-03-18T17:29:37Z</time>
					</trkpt>
					<trkpt lat="45.817730" lon="6.002230">
						<ele>452</ele>
						<time>2025-03-18T17:29:45Z</time>
					</trkpt>
					<trkpt lat="45.817760" lon="6.002340">
						<ele>452</ele>
						<time>2025-03-18T17:29:46Z</time>
					</trkpt>
					<trkpt lat="45.817940" lon="6.002210">
						<ele>452</ele>
						<time>2025-03-18T17:29:50Z</time>
					</trkpt>
					<trkpt lat="45.818360" lon="6.001910">
						<ele>450</ele>
						<time>2025-03-18T17:29:58Z</time>
					</trkpt>
					<trkpt lat="45.818490" lon="6.001820">
						<ele>450</ele>
						<time>2025-03-18T17:30:01Z</time>
					</trkpt>
					<trkpt lat="45.818500" lon="6.001690">
						<ele>449</ele>
						<time>2025-03-18T17:30:02Z</time>
					</trkpt>
					<trkpt lat="45.818120" lon="6.001950">
						<ele>451</ele>
						<time>2025-03-18T17:30:10Z</time>
					</trkpt>
					<trkpt lat="45.817950" lon="6.002000">
						<ele>451</ele>
						<time>2025-03-18T17:30:13Z</time>
					</trkpt>
					<trkpt lat="45.817860" lon="6.002000">
						<ele>452</ele>
						<time>2025-03-18T17:30:15Z</time>
					</trkpt>
					<trkpt lat="45.817810" lon="6.001980">
						<ele>452</ele>
						<time>2025-03-18T17:30:16Z</time>
					</trkpt>
					<trkpt lat="45.817750" lon="6.001950">
						<ele>452</ele>
						<time>2025-03-18T17:30:17Z</time>
					</trkpt>
					<trkpt lat="45.817680" lon="6.001870">
						<ele>452</ele>
						<time>2025-03-18T17:30:18Z</time>
					</trkpt>
					<trkpt lat="45.817650" lon="6.001800">
						<ele>452</ele>
						<time>2025-03-18T17:30:19Z</time>
					</trkpt>
					<trkpt lat="45.817640" lon="6.001710">
						<ele>452</ele>
						<time>2025-03-18T17:30:20Z</time>
					</trkpt>
					<trkpt lat="45.817640" lon="6.001610">
						<ele>452</ele>
						<time>2025-03-18T17:30:22Z</time>
					</trkpt>
					<trkpt lat="45.817650" lon="6.001560">
						<ele>452</ele>
						<time>2025-03-18T17:30:22Z</time>
					</trkpt>
					<trkpt lat="45.817680" lon="6.001480">
						<ele>452</ele>
						<time>2025-03-18T17:30:23Z</time>
					</trkpt>
					<trkpt lat="45.817730" lon="6.001410">
						<ele>451</ele>
						<time>2025-03-18T17:30:25Z</time>
					</trkpt>
					<trkpt lat="45.817810" lon="6.001350">
						<ele>451</ele>
						<time>2025-03-18T17:30:26Z</time>
					</trkpt>
					<trkpt lat="45.817860" lon="6.001340">
						<ele>451</ele>
						<time>2025-03-18T17:30:27Z</time>
					</trkpt>
					<trkpt lat="45.817920" lon="6.001350">
						<ele>450</ele>
						<time>2025-03-18T17:30:28Z</time>
					</trkpt>
					<trkpt lat="45.817980" lon="6.001380">
						<ele>450</ele>
						<time>2025-03-18T17:30:29Z</time>
					</trkpt>
					<trkpt lat="45.818010" lon="6.001400">
						<ele>450</ele>
						<time>2025-03-18T17:30:30Z</time>
					</trkpt>
					<trkpt lat="45.818060" lon="6.001470">
						<ele>450</ele>
						<time>2025-03-18T17:30:31Z</time>
					</trkpt>
					<trkpt lat="45.818190" lon="6.001700">
						<ele>450</ele>
						<time>2025-03-18T17:30:35Z</time>
					</trkpt>
					<trkpt lat="45.818330" lon="6.002180">
						<ele>450</ele>
						<time>2025-03-18T17:30:41Z</time>
					</trkpt>
					<trkpt lat="45.818750" lon="6.003680">
						<ele>454</ele>
						<time>2025-03-18T17:31:01Z</time>
					</trkpt>
					<trkpt lat="45.818930" lon="6.004320">
						<ele>456</ele>
						<time>2025-03-18T17:31:10Z</time>
					</trkpt>
					<trkpt lat="45.819100" lon="6.004920">
						<ele>457</ele>
						<time>2025-03-18T17:31:18Z</time>
					</trkpt>
					<trkpt lat="45.819600" lon="6.006710">
						<ele>465</ele>
						<time>2025-03-18T17:31:42Z</time>
					</trkpt>
					<trkpt lat="45.819690" lon="6.007170">
						<ele>466</ele>
						<time>2025-03-18T17:31:48Z</time>
					</trkpt>
					<trkpt lat="45.819740" lon="6.007770">
						<ele>467</ele>
						<time>2025-03-18T17:31:55Z</time>
					</trkpt>
					<trkpt lat="45.819730" lon="6.008150">
						<ele>468</ele>
						<time>2025-03-18T17:32:00Z</time>
					</trkpt>
					<trkpt lat="45.819690" lon="6.008530">
						<ele>468</ele>
						<time>2025-03-18T17:32:05Z</time>
					</trkpt>
					<trkpt lat="45.819610" lon="6.009410">
						<ele>465</ele>
						<time>2025-03-18T17:32:16Z</time>
					</trkpt>
					<trkpt lat="45.819590" lon="6.009650">
						<ele>465</ele>
						<time>2025-03-18T17:32:19Z</time>
					</trkpt>
					<trkpt lat="45.819540" lon="6.010210">
						<ele>464</ele>
						<time>2025-03-18T17:32:26Z</time>
					</trkpt>
					<trkpt lat="45.819540" lon="6.010560">
						<ele>464</ele>
						<time>2025-03-18T17:32:30Z</time>
					</trkpt>
					<trkpt lat="45.819610" lon="6.011720">
						<ele>464</ele>
						<time>2025-03-18T17:32:45Z</time>
					</trkpt>
					<trkpt lat="45.819670" lon="6.012310">
						<ele>463</ele>
						<time>2025-03-18T17:32:52Z</time>
					</trkpt>
					<trkpt lat="45.819700" lon="6.012900">
						<ele>463</ele>
						<time>2025-03-18T17:32:59Z</time>
					</trkpt>
					<trkpt lat="45.819740" lon="6.013930">
						<ele>462</ele>
						<time>2025-03-18T17:33:12Z</time>
					</trkpt>
					<trkpt lat="45.819780" lon="6.015410">
						<ele>458</ele>
						<time>2025-03-18T17:33:30Z</time>
					</trkpt>
					<trkpt lat="45.819870" lon="6.016800">
						<ele>447</ele>
						<time>2025-03-18T17:33:48Z</time>
					</trkpt>
					<trkpt lat="45.819940" lon="6.017610">
						<ele>439</ele>
						<time>2025-03-18T17:33:58Z</time>
					</trkpt>
					<trkpt lat="45.820030" lon="6.018530">
						<ele>434</ele>
						<time>2025-03-18T17:34:09Z</time>
					</trkpt>
					<trkpt lat="45.820050" lon="6.019060">
						<ele>429</ele>
						<time>2025-03-18T17:34:16Z</time>
					</trkpt>
					<trkpt lat="45.819990" lon="6.019790">
						<ele>424</ele>
						<time>2025-03-18T17:34:25Z</time>
					</trkpt>
					<trkpt lat="45.819890" lon="6.020520">
						<ele>420</ele>
						<time>2025-03-18T17:34:34Z</time>
					</trkpt>
					<trkpt lat="45.819840" lon="6.020920">
						<ele>417</ele>
						<time>2025-03-18T17:34:39Z</time>
					</trkpt>
					<trkpt lat="45.819810" lon="6.021260">
						<ele>413</ele>
						<time>2025-03-18T17:34:44Z</time>
					</trkpt>
					<trkpt lat="45.819800" lon="6.021610">
						<ele>410</ele>
						<time>2025-03-18T17:34:48Z</time>
					</trkpt>
					<trkpt lat="45.819800" lon="6.021950">
						<ele>406</ele>
						<time>2025-03-18T17:34:52Z</time>
					</trkpt>
					<trkpt lat="45.819820" lon="6.022250">
						<ele>403</ele>
						<time>2025-03-18T17:34:56Z</time>
					</trkpt>
					<trkpt lat="45.819830" lon="6.022450">
						<ele>400</ele>
						<time>2025-03-18T17:34:58Z</time>
					</trkpt>
					<trkpt lat="45.819830" lon="6.022590">
						<ele>399</ele>
						<time>2025-03-18T17:35:00Z</time>
					</trkpt>
					<trkpt lat="45.819860" lon="6.022660">
						<ele>399</ele>
						<time>2025-03-18T17:35:01Z</time>
					</trkpt>
					<trkpt lat="45.819900" lon="6.023350">
						<ele>395</ele>
						<time>2025-03-18T17:35:10Z</time>
					</trkpt>
					<trkpt lat="45.819930" lon="6.023440">
						<ele>395</ele>
						<time>2025-03-18T17:35:11Z</time>
					</trkpt>
					<trkpt lat="45.819990" lon="6.023550">
						<ele>394</ele>
						<time>2025-03-18T17:35:13Z</time>
					</trkpt>
					<trkpt lat="45.820110" lon="6.023570">
						<ele>395</ele>
						<time>2025-03-18T17:35:15Z</time>
					</trkpt>
					<trkpt lat="45.820180" lon="6.023570">
						<ele>395</ele>
						<time>2025-03-18T17:35:16Z</time>
					</trkpt>
					<trkpt lat="45.820160" lon="6.023610">
						<ele>395</ele>
						<time>2025-03-18T17:35:17Z</time>
					</trkpt>
					<trkpt lat="45.820080" lon="6.023620">
						<ele>395</ele>
						<time>2025-03-18T17:35:18Z</time>
					</trkpt>
					<trkpt lat="45.820030" lon="6.023660">
						<ele>394</ele>
						<time>2025-03-18T17:35:19Z</time>
					</trkpt>
					<trkpt lat="45.820010" lon="6.023750">
						<ele>394</ele>
						<time>2025-03-18T17:35:20Z</time>
					</trkpt>
					<trkpt lat="45.820050" lon="6.024330">
						<ele>393</ele>
						<time>2025-03-18T17:35:28Z</time>
					</trkpt>
					<trkpt lat="45.820020" lon="6.024600">
						<ele>393</ele>
						<time>2025-03-18T17:35:31Z</time>
					</trkpt>
					<trkpt lat="45.820030" lon="6.024790">
						<ele>392</ele>
						<time>2025-03-18T17:35:33Z</time>
					</trkpt>
					<trkpt lat="45.820080" lon="6.025770">
						<ele>400</ele>
						<time>2025-03-18T17:35:46Z</time>
					</trkpt>
					<trkpt lat="45.820110" lon="6.026100">
						<ele>408</ele>
						<time>2025-03-18T17:35:50Z</time>
					</trkpt>
					<trkpt lat="45.820150" lon="6.026370">
						<ele>414</ele>
						<time>2025-03-18T17:35:53Z</time>
					</trkpt>
					<trkpt lat="45.820190" lon="6.026750">
						<ele>422</ele>
						<time>2025-03-18T17:35:58Z</time>
					</trkpt>
					<trkpt lat="45.820190" lon="6.027190">
						<ele>423</ele>
						<time>2025-03-18T17:36:03Z</time>
					</trkpt>
					<trkpt lat="45.820030" lon="6.028350">
						<ele>424</ele>
						<time>2025-03-18T17:36:18Z</time>
					</trkpt>
					<trkpt lat="45.820020" lon="6.028510">
						<ele>425</ele>
						<time>2025-03-18T17:36:20Z</time>
					</trkpt>
					<trkpt lat="45.820010" lon="6.028620">
						<ele>426</ele>
						<time>2025-03-18T17:36:21Z</time>
					</trkpt>
					<trkpt lat="45.819970" lon="6.028690">
						<ele>427</ele>
						<time>2025-03-18T17:36:22Z</time>
					</trkpt>
					<trkpt lat="45.819920" lon="6.028880">
						<ele>429</ele>
						<time>2025-03-18T17:36:25Z</time>
					</trkpt>
					<trkpt lat="45.819750" lon="6.030330">
						<ele>434</ele>
						<time>2025-03-18T17:36:43Z</time>
					</trkpt>
					<trkpt lat="45.819730" lon="6.030810">
						<ele>435</ele>
						<time>2025-03-18T17:36:49Z</time>
					</trkpt>
					<trkpt lat="45.819720" lon="6.031090">
						<ele>437</ele>
						<time>2025-03-18T17:36:53Z</time>
					</trkpt>
					<trkpt lat="45.819740" lon="6.031360">
						<ele>440</ele>
						<time>2025-03-18T17:36:56Z</time>
					</trkpt>
					<trkpt lat="45.819800" lon="6.031840">
						<ele>443</ele>
						<time>2025-03-18T17:37:02Z</time>
					</trkpt>
					<trkpt lat="45.819870" lon="6.032240">
						<ele>444</ele>
						<time>2025-03-18T17:37:07Z</time>
					</trkpt>
					<trkpt lat="45.819920" lon="6.032390">
						<ele>444</ele>
						<time>2025-03-18T17:37:09Z</time>
					</trkpt>
					<trkpt lat="45.819950" lon="6.032500">
						<ele>444</ele>
						<time>2025-03-18T17:37:11Z</time>
					</trkpt>
					<trkpt lat="45.820110" lon="6.032900">
						<ele>444</ele>
						<time>2025-03-18T17:37:16Z</time>
					</trkpt>
					<trkpt lat="45.820160" lon="6.032890">
						<ele>444</ele>
						<time>2025-03-18T17:37:17Z</time>
					</trkpt>
					<trkpt lat="45.820210" lon="6.033020">
						<ele>444</ele>
						<time>2025-03-18T17:37:19Z</time>
					</trkpt>
					<trkpt lat="45.820560" lon="6.033710">
						<ele>445</ele>
						<time>2025-03-18T17:37:30Z</time>
					</trkpt>
					<trkpt lat="45.820480" lon="6.033810">
						<ele>446</ele>
						<time>2025-03-18T17:37:32Z</time>
					</trkpt>
					<trkpt lat="45.820970" lon="6.034630">
						<ele>448</ele>
						<time>2025-03-18T17:37:45Z</time>
					</trkpt>
					<trkpt lat="45.821180" lon="6.035000">
						<ele>450</ele>
						<time>2025-03-18T17:37:51Z</time>
					</trkpt>
					<trkpt lat="45.821510" lon="6.035570">
						<ele>452</ele>
						<time>2025-03-18T17:38:00Z</time>
					</trkpt>
					<trkpt lat="45.823620" lon="6.039140">
						<ele>461</ele>
						<time>2025-03-18T17:38:58Z</time>
					</trkpt>
					<trkpt lat="45.823760" lon="6.039370">
						<ele>462</ele>
						<time>2025-03-18T17:39:02Z</time>
					</trkpt>
					<trkpt lat="45.824000" lon="6.039810">
						<ele>462</ele>
						<time>2025-03-18T17:39:09Z</time>
					</trkpt>
					<trkpt lat="45.824400" lon="6.040550">
						<ele>462</ele>
						<time>2025-03-18T17:39:20Z</time>
					</trkpt>
					<trkpt lat="45.824520" lon="6.040770">
						<ele>462</ele>
						<time>2025-03-18T17:39:24Z</time>
					</trkpt>
					<trkpt lat="45.824870" lon="6.041720">
						<ele>463</ele>
						<time>2025-03-18T17:39:37Z</time>
					</trkpt>
					<trkpt lat="45.825200" lon="6.043120">
						<ele>465</ele>
						<time>2025-03-18T17:39:56Z</time>
					</trkpt>
					<trkpt lat="45.825420" lon="6.044060">
						<ele>468</ele>
						<time>2025-03-18T17:40:08Z</time>
					</trkpt>
					<trkpt lat="45.825310" lon="6.044130">
						<ele>469</ele>
						<time>2025-03-18T17:40:10Z</time>
					</trkpt>
					<trkpt lat="45.825200" lon="6.044200">
						<ele>471</ele>
						<time>2025-03-18T17:40:12Z</time>
					</trkpt>
					<trkpt lat="45.825130" lon="6.044220">
						<ele>471</ele>
						<time>2025-03-18T17:40:13Z</time>
					</trkpt>
					<trkpt lat="45.825080" lon="6.044170">
						<ele>472</ele>
						<time>2025-03-18T17:40:15Z</time>
					</trkpt>
					<trkpt lat="45.825060" lon="6.043990">
						<ele>471</ele>
						<time>2025-03-18T17:40:17Z</time>
					</trkpt>
					<trkpt lat="45.825070" lon="6.043750">
						<ele>470</ele>
						<time>2025-03-18T17:40:20Z</time>
					</trkpt>
					<trkpt lat="45.825070" lon="6.043550">
						<ele>469</ele>
						<time>2025-03-18T17:40:22Z</time>
					</trkpt>
					<trkpt lat="45.825040" lon="6.043400">
						<ele>469</ele>
						<time>2025-03-18T17:40:24Z</time>
					</trkpt>
					<trkpt lat="45.824980" lon="6.043300">
						<ele>469</ele>
						<time>2025-03-18T17:40:26Z</time>
					</trkpt>
					<trkpt lat="45.824860" lon="6.043220">
						<ele>470</ele>
						<time>2025-03-18T17:40:28Z</time>
					</trkpt>
					<trkpt lat="45.824670" lon="6.043150">
						<ele>471</ele>
						<time>2025-03-18T17:40:32Z</time>
					</trkpt>
					<trkpt lat="45.824330" lon="6.043060">
						<ele>474</ele>
						<time>2025-03-18T17:40:38Z</time>
					</trkpt>
					<trkpt lat="45.824050" lon="6.042970">
						<ele>477</ele>
						<time>2025-03-18T17:40:43Z</time>
					</trkpt>
					<trkpt lat="45.823780" lon="6.042850">
						<ele>480</ele>
						<time>2025-03-18T17:40:48Z</time>
					</trkpt>
					<trkpt lat="45.823620" lon="6.042720">
						<ele>482</ele>
						<time>2025-03-18T17:40:51Z</time>
					</trkpt>
					<trkpt lat="45.823250" lon="6.042270">
						<ele>483</ele>
						<time>2025-03-18T17:41:00Z</time>
					</trkpt>
					<trkpt lat="45.823040" lon="6.042060">
						<ele>485</ele>
						<time>2025-03-18T17:41:04Z</time>
					</trkpt>
					<trkpt lat="45.822310" lon="6.041430">
						<ele>491</ele>
						<time>2025-03-18T17:41:20Z</time>
					</trkpt>
					<trkpt lat="45.822090" lon="6.041280">
						<ele>493</ele>
						<time>2025-03-18T17:41:24Z</time>
					</trkpt>
					<trkpt lat="45.820800" lon="6.040610">
						<ele>506</ele>
						<time>2025-03-18T17:41:48Z</time>
					</trkpt>
					<trkpt lat="45.820240" lon="6.040390">
						<ele>513</ele>
						<time>2025-03-18T17:41:59Z</time>
					</trkpt>
					<trkpt lat="45.819930" lon="6.040260">
						<ele>516</ele>
						<time>2025-03-18T17:42:04Z</time>
					</trkpt>
					<trkpt lat="45.819780" lon="6.040200">
						<ele>516</ele>
						<time>2025-03-18T17:42:07Z</time>
					</trkpt>
					<trkpt lat="45.819480" lon="6.040120">
						<ele>518</ele>
						<time>2025-03-18T17:42:13Z</time>
					</trkpt>
					<trkpt lat="45.818630" lon="6.040130">
						<ele>524</ele>
						<time>2025-03-18T17:42:28Z</time>
					</trkpt>
					<trkpt lat="45.818550" lon="6.040110">
						<ele>524</ele>
						<time>2025-03-18T17:42:29Z</time>
					</trkpt>
					<trkpt lat="45.818500" lon="6.040100">
						<ele>525</ele>
						<time>2025-03-18T17:42:30Z</time>
					</trkpt>
					<trkpt lat="45.818010" lon="6.039880">
						<ele>523</ele>
						<time>2025-03-18T17:42:39Z</time>
					</trkpt>
					<trkpt lat="45.817860" lon="6.039810">
						<ele>522</ele>
						<time>2025-03-18T17:42:42Z</time>
					</trkpt>
					<trkpt lat="45.817590" lon="6.039790">
						<ele>521</ele>
						<time>2025-03-18T17:42:47Z</time>
					</trkpt>
					<trkpt lat="45.817360" lon="6.039860">
						<ele>520</ele>
						<time>2025-03-18T17:42:51Z</time>
					</trkpt>
					<trkpt lat="45.817240" lon="6.039900">
						<ele>520</ele>
						<time>2025-03-18T17:42:53Z</time>
					</trkpt>
					<trkpt lat="45.816800" lon="6.040300">
						<ele>520</ele>
						<time>2025-03-18T17:43:02Z</time>
					</trkpt>
					<trkpt lat="45.816510" lon="6.040570">
						<ele>522</ele>
						<time>2025-03-18T17:43:09Z</time>
					</trkpt>
					<trkpt lat="45.816440" lon="6.040570">
						<ele>522</ele>
						<time>2025-03-18T17:43:10Z</time>
					</trkpt>
					<trkpt lat="45.816400" lon="6.040570">
						<ele>521</ele>
						<time>2025-03-18T17:43:11Z</time>
					</trkpt>
					<trkpt lat="45.816170" lon="6.040410">
						<ele>520</ele>
						<time>2025-03-18T17:43:15Z</time>
					</trkpt>
					<trkpt lat="45.816070" lon="6.040320">
						<ele>519</ele>
						<time>2025-03-18T17:43:17Z</time>
					</trkpt>
					<trkpt lat="45.815840" lon="6.040090">
						<ele>517</ele>
						<time>2025-03-18T17:43:22Z</time>
					</trkpt>
					<trkpt lat="45.815530" lon="6.039770">
						<ele>516</ele>
						<time>2025-03-18T17:43:29Z</time>
					</trkpt>
					<trkpt lat="45.814410" lon="6.038720">
						<ele>514</ele>
						<time>2025-03-18T17:43:53Z</time>
					</trkpt>
					<trkpt lat="45.813770" lon="6.038200">
						<ele>514</ele>
						<time>2025-03-18T17:44:06Z</time>
					</trkpt>
					<trkpt lat="45.812580" lon="6.037360">
						<ele>516</ele>
						<time>2025-03-18T17:44:29Z</time>
					</trkpt>
					<trkpt lat="45.812040" lon="6.036880">
						<ele>514</ele>
						<time>2025-03-18T17:44:41Z</time>
					</trkpt>
					<trkpt lat="45.811720" lon="6.036660">
						<ele>513</ele>
						<time>2025-03-18T17:44:47Z</time>
					</trkpt>
					<trkpt lat="45.811350" lon="6.036520">
						<ele>511</ele>
						<time>2025-03-18T17:44:54Z</time>
					</trkpt>
					<trkpt lat="45.811220" lon="6.036510">
						<ele>511</ele>
						<time>2025-03-18T17:44:56Z</time>
					</trkpt>
					<trkpt lat="45.811090" lon="6.036490">
						<ele>511</ele>
						<time>2025-03-18T17:44:59Z</time>
					</trkpt>
					<trkpt lat="45.808920" lon="6.037580">
						<ele>504</ele>
						<time>2025-03-18T17:45:39Z</time>
					</trkpt>
					<trkpt lat="45.808660" lon="6.037710">
						<ele>503</ele>
						<time>2025-03-18T17:45:44Z</time>
					</trkpt>
					<trkpt lat="45.808260" lon="6.038070">
						<ele>502</ele>
						<time>2025-03-18T17:45:53Z</time>
					</trkpt>
					<trkpt lat="45.807820" lon="6.038550">
						<ele>501</ele>
						<time>2025-03-18T17:46:03Z</time>
					</trkpt>
					<trkpt lat="45.807770" lon="6.038640">
						<ele>501</ele>
						<time>2025-03-18T17:46:04Z</time>
					</trkpt>
					<trkpt lat="45.807470" lon="6.039100">
						<ele>503</ele>
						<time>2025-03-18T17:46:12Z</time>
					</trkpt>
					<trkpt lat="45.807170" lon="6.039060">
						<ele>504</ele>
						<time>2025-03-18T17:46:17Z</time>
					</trkpt>
					<trkpt lat="45.806530" lon="6.038900">
						<ele>506</ele>
						<time>2025-03-18T17:46:29Z</time>
					</trkpt>
					<trkpt lat="45.806570" lon="6.038700">
						<ele>505</ele>
						<time>2025-03-18T17:46:31Z</time>
					</trkpt>
					<trkpt lat="45.806610" lon="6.038360">
						<ele>504</ele>
						<time>2025-03-18T17:46:36Z</time>
					</trkpt>
					<trkpt lat="45.806620" lon="6.038320">
						<ele>503</ele>
						<time>2025-03-18T17:46:36Z</time>
					</trkpt>
					<trkpt lat="45.806660" lon="6.037730">
						<ele>502</ele>
						<time>2025-03-18T17:46:43Z</time>
					</trkpt>
					<trkpt lat="45.806640" lon="6.037460">
						<ele>501</ele>
						<time>2025-03-18T17:46:47Z</time>
					</trkpt>
					<trkpt lat="45.806630" lon="6.037410">
						<ele>501</ele>
						<time>2025-03-18T17:46:47Z</time>
					</trkpt>
					<trkpt lat="45.806520" lon="6.037030">
						<ele>499</ele>
						<time>2025-03-18T17:46:53Z</time>
					</trkpt>
					<trkpt lat="45.806490" lon="6.036970">
						<ele>498</ele>
						<time>2025-03-18T17:46:54Z</time>
					</trkpt>
					<trkpt lat="45.806220" lon="6.036370">
						<ele>496</ele>
						<time>2025-03-18T17:47:02Z</time>
					</trkpt>
					<trkpt lat="45.806220" lon="6.036350">
						<ele>496</ele>
						<time>2025-03-18T17:47:03Z</time>
					</trkpt>
					<trkpt lat="45.806180" lon="6.036060">
						<ele>494</ele>
						<time>2025-03-18T17:47:06Z</time>
					</trkpt>
					<trkpt lat="45.806190" lon="6.035650">
						<ele>492</ele>
						<time>2025-03-18T17:47:11Z</time>
					</trkpt>
					<trkpt lat="45.806350" lon="6.034470">
						<ele>489</ele>
						<time>2025-03-18T17:47:26Z</time>
					</trkpt>
					<trkpt lat="45.806500" lon="6.033950">
						<ele>490</ele>
						<time>2025-03-18T17:47:33Z</time>
					</trkpt>
					<trkpt lat="45.806640" lon="6.033580">
						<ele>491</ele>
						<time>2025-03-18T17:47:38Z</time>
					</trkpt>
					<trkpt lat="45.806850" lon="6.032910">
						<ele>489</ele>
						<time>2025-03-18T17:47:48Z</time>
					</trkpt>
					<trkpt lat="45.807020" lon="6.032860">
						<ele>488</ele>
						<time>2025-03-18T17:47:51Z</time>
					</trkpt>
					<trkpt lat="45.807860" lon="6.032250">
						<ele>486</ele>
						<time>2025-03-18T17:48:07Z</time>
					</trkpt>
					<trkpt lat="45.808430" lon="6.031710">
						<ele>486</ele>
						<time>2025-03-18T17:48:20Z</time>
					</trkpt>
					<trkpt lat="45.808610" lon="6.031520">
						<ele>486</ele>
						<time>2025-03-18T17:48:24Z</time>
					</trkpt>
					<trkpt lat="45.808770" lon="6.031340">
						<ele>485</ele>
						<time>2025-03-18T17:48:27Z</time>
					</trkpt>
					<trkpt lat="45.808500" lon="6.031430">
						<ele>486</ele>
						<time>2025-03-18T17:48:32Z</time>
					</trkpt>
					<trkpt lat="45.807390" lon="6.031780">
						<ele>486</ele>
						<time>2025-03-18T17:48:52Z</time>
					</trkpt>
					<trkpt lat="45.806330" lon="6.032090">
						<ele>488</ele>
						<time>2025-03-18T17:49:12Z</time>
					</trkpt>
					<trkpt lat="45.805160" lon="6.032440">
						<ele>489</ele>
						<time>2025-03-18T17:49:33Z</time>
					</trkpt>
					<trkpt lat="45.804280" lon="6.032710">
						<ele>488</ele>
						<time>2025-03-18T17:49:49Z</time>
					</trkpt>
					<trkpt lat="45.804220" lon="6.032720">
						<ele>488</ele>
						<time>2025-03-18T17:49:50Z</time>
					</trkpt>
					<trkpt lat="45.803900" lon="6.032820">
						<ele>488</ele>
						<time>2025-03-18T17:49:56Z</time>
					</trkpt>
					<trkpt lat="45.802410" lon="6.033270">
						<ele>489</ele>
						<time>2025-03-18T17:50:23Z</time>
					</trkpt>
					<trkpt lat="45.801820" lon="6.033510">
						<ele>491</ele>
						<time>2025-03-18T17:50:34Z</time>
					</trkpt>
					<trkpt lat="45.800970" lon="6.034040">
						<ele>495</ele>
						<time>2025-03-18T17:50:50Z</time>
					</trkpt>
					<trkpt lat="45.800030" lon="6.034650">
						<ele>501</ele>
						<time>2025-03-18T17:51:09Z</time>
					</trkpt>
					<trkpt lat="45.799270" lon="6.035110">
						<ele>504</ele>
						<time>2025-03-18T17:51:23Z</time>
					</trkpt>
					<trkpt lat="45.798660" lon="6.035440">
						<ele>508</ele>
						<time>2025-03-18T17:51:35Z</time>
					</trkpt>
					<trkpt lat="45.798490" lon="6.035510">
						<ele>509</ele>
						<time>2025-03-18T17:51:38Z</time>
					</trkpt>
					<trkpt lat="45.798280" lon="6.035590">
						<ele>510</ele>
						<time>2025-03-18T17:51:42Z</time>
					</trkpt>
					<trkpt lat="45.798030" lon="6.035620">
						<ele>510</ele>
						<time>2025-03-18T17:51:46Z</time>
					</trkpt>
					<trkpt lat="45.797440" lon="6.035650">
						<ele>510</ele>
						<time>2025-03-18T17:51:57Z</time>
					</trkpt>
					<trkpt lat="45.797400" lon="6.035650">
						<ele>510</ele>
						<time>2025-03-18T17:51:58Z</time>
					</trkpt>
					<trkpt lat="45.797280" lon="6.035660">
						<ele>510</ele>
						<time>2025-03-18T17:52:00Z</time>
					</trkpt>
					<trkpt lat="45.796510" lon="6.035710">
						<ele>512</ele>
						<time>2025-03-18T17:52:13Z</time>
					</trkpt>
					<trkpt lat="45.796260" lon="6.035730">
						<ele>513</ele>
						<time>2025-03-18T17:52:18Z</time>
					</trkpt>
					<trkpt lat="45.795240" lon="6.035800">
						<ele>516</ele>
						<time>2025-03-18T17:52:36Z</time>
					</trkpt>
					<trkpt lat="45.794980" lon="6.035910">
						<ele>518</ele>
						<time>2025-03-18T17:52:41Z</time>
					</trkpt>
					<trkpt lat="45.794800" lon="6.036050">
						<ele>518</ele>
						<time>2025-03-18T17:52:45Z</time>
					</trkpt>
					<trkpt lat="45.794710" lon="6.036160">
						<ele>518</ele>
						<time>2025-03-18T17:52:47Z</time>
					</trkpt>
					<trkpt lat="45.794600" lon="6.036360">
						<ele>519</ele>
						<time>2025-03-18T17:52:50Z</time>
					</trkpt>
					<trkpt lat="45.794540" lon="6.036600">
						<ele>520</ele>
						<time>2025-03-18T17:52:53Z</time>
					</trkpt>
					<trkpt lat="45.794450" lon="6.037340">
						<ele>522</ele>
						<time>2025-03-18T17:53:02Z</time>
					</trkpt>
					<trkpt lat="45.794240" lon="6.039490">
						<ele>524</ele>
						<time>2025-03-18T17:53:29Z</time>
					</trkpt>
					<trkpt lat="45.794150" lon="6.040210">
						<ele>525</ele>
						<time>2025-03-18T17:53:38Z</time>
					</trkpt>
					<trkpt lat="45.794110" lon="6.040610">
						<ele>525</ele>
						<time>2025-03-18T17:53:43Z</time>
					</trkpt>
					<trkpt lat="45.794070" lon="6.041040">
						<ele>526</ele>
						<time>2025-03-18T17:53:49Z</time>
					</trkpt>
					<trkpt lat="45.794060" lon="6.041440">
						<ele>526</ele>
						<time>2025-03-18T17:53:54Z</time>
					</trkpt>
					<trkpt lat="45.794060" lon="6.041490">
						<ele>526</ele>
						<time>2025-03-18T17:53:54Z</time>
					</trkpt>
					<trkpt lat="45.794110" lon="6.041940">
						<ele>525</ele>
						<time>2025-03-18T17:54:00Z</time>
					</trkpt>
					<trkpt lat="45.794360" lon="6.042960">
						<ele>524</ele>
						<time>2025-03-18T17:54:13Z</time>
					</trkpt>
					<trkpt lat="45.794500" lon="6.043590">
						<ele>522</ele>
						<time>2025-03-18T17:54:22Z</time>
					</trkpt>
					<trkpt lat="45.794600" lon="6.044150">
						<ele>523</ele>
						<time>2025-03-18T17:54:29Z</time>
					</trkpt>
					<trkpt lat="45.794630" lon="6.044560">
						<ele>523</ele>
						<time>2025-03-18T17:54:34Z</time>
					</trkpt>
					<trkpt lat="45.794650" lon="6.044910">
						<ele>523</ele>
						<time>2025-03-18T17:54:38Z</time>
					</trkpt>
					<trkpt lat="45.794640" lon="6.045390">
						<ele>524</ele>
						<time>2025-03-18T17:54:44Z</time>
					</trkpt>
					<trkpt lat="45.794620" lon="6.045540">
						<ele>524</ele>
						<time>2025-03-18T17:54:46Z</time>
					</trkpt>
					<trkpt lat="45.794550" lon="6.045970">
						<ele>525</ele>
						<time>2025-03-18T17:54:52Z</time>
					</trkpt>
					<trkpt lat="45.794420" lon="6.046590">
						<ele>526</ele>
						<time>2025-03-18T17:55:00Z</time>
					</trkpt>
					<trkpt lat="45.794250" lon="6.047100">
						<ele>527</ele>
						<time>2025-03-18T17:55:07Z</time>
					</trkpt>
					<trkpt lat="45.794040" lon="6.047550">
						<ele>529</ele>
						<time>2025-03-18T17:55:13Z</time>
					</trkpt>
					<trkpt lat="45.793870" lon="6.047860">
						<ele>530</ele>
						<time>2025-03-18T17:55:18Z</time>
					</trkpt>
					<trkpt lat="45.793650" lon="6.048200">
						<ele>532</ele>
						<time>2025-03-18T17:55:24Z</time>
					</trkpt>
					<trkpt lat="45.793320" lon="6.048580">
						<ele>535</ele>
						<time>2025-03-18T17:55:31Z</time>
					</trkpt>
					<trkpt lat="45.792930" lon="6.048940">
						<ele>537</ele>
						<time>2025-03-18T17:55:40Z</time>
					</trkpt>
					<trkpt lat="45.790470" lon="6.051240">
						<ele>552</ele>
						<time>2025-03-18T17:56:32Z</time>
					</trkpt>
					<trkpt lat="45.789710" lon="6.051930">
						<ele>558</ele>
						<time>2025-03-18T17:56:48Z</time>
					</trkpt>
					<trkpt lat="45.788750" lon="6.052810">
						<ele>568</ele>
						<time>2025-03-18T17:57:08Z</time>
					</trkpt>
					<trkpt lat="45.788670" lon="6.052890">
						<ele>569</ele>
						<time>2025-03-18T17:57:10Z</time>
					</trkpt>
					<trkpt lat="45.788480" lon="6.053060">
						<ele>570</ele>
						<time>2025-03-18T17:57:14Z</time>
					</trkpt>
					<trkpt lat="45.788090" lon="6.053420">
						<ele>574</ele>
						<time>2025-03-18T17:57:22Z</time>
					</trkpt>
					<trkpt lat="45.787380" lon="6.054070">
						<ele>579</ele>
						<time>2025-03-18T17:57:37Z</time>
					</trkpt>
					<trkpt lat="45.787310" lon="6.054230">
						<ele>581</ele>
						<time>2025-03-18T17:57:40Z</time>
					</trkpt>
					<trkpt lat="45.787630" lon="6.054260">
						<ele>581</ele>
						<time>2025-03-18T17:57:45Z</time>
					</trkpt>
					<trkpt lat="45.787780" lon="6.054310">
						<ele>582</ele>
						<time>2025-03-18T17:57:48Z</time>
					</trkpt>
					<trkpt lat="45.788070" lon="6.054400">
						<ele>583</ele>
						<time>2025-03-18T17:57:53Z</time>
					</trkpt>
					<trkpt lat="45.788290" lon="6.054450">
						<ele>583</ele>
						<time>2025-03-18T17:57:57Z</time>
					</trkpt>
					<trkpt lat="45.788420" lon="6.054490">
						<ele>583</ele>
						<time>2025-03-18T17:58:00Z</time>
					</trkpt>
					<trkpt lat="45.788710" lon="6.054470">
						<ele>582</ele>
						<time>2025-03-18T17:58:05Z</time>
					</trkpt>
					<trkpt lat="45.789130" lon="6.054440">
						<ele>581</ele>
						<time>2025-03-18T17:58:12Z</time>
					</trkpt>
					<trkpt lat="45.789220" lon="6.054500">
						<ele>581</ele>
						<time>2025-03-18T17:58:14Z</time>
					</trkpt>
					<trkpt lat="45.790050" lon="6.055070">
						<ele>581</ele>
						<time>2025-03-18T17:58:30Z</time>
					</trkpt>
					<trkpt lat="45.790690" lon="6.055520">
						<ele>583</ele>
						<time>2025-03-18T17:58:43Z</time>
					</trkpt>
					<trkpt lat="45.790980" lon="6.055590">
						<ele>583</ele>
						<time>2025-03-18T17:58:48Z</time>
					</trkpt>
					<trkpt lat="45.791600" lon="6.055600">
						<ele>584</ele>
						<time>2025-03-18T17:58:59Z</time>
					</trkpt>
					<trkpt lat="45.792310" lon="6.055300">
						<ele>581</ele>
						<time>2025-03-18T17:59:12Z</time>
					</trkpt>
					<trkpt lat="45.792900" lon="6.055280">
						<ele>580</ele>
						<time>2025-03-18T17:59:23Z</time>
					</trkpt>
					<trkpt lat="45.793030" lon="6.055310">
						<ele>580</ele>
						<time>2025-03-18T17:59:25Z</time>
					</trkpt>
					<trkpt lat="45.793090" lon="6.055330">
						<ele>580</ele>
						<time>2025-03-18T17:59:26Z</time>
					</trkpt>
					<trkpt lat="45.793220" lon="6.055360">
						<ele>579</ele>
						<time>2025-03-18T17:59:29Z</time>
					</trkpt>
					<trkpt lat="45.793530" lon="6.055600">
						<ele>580</ele>
						<time>2025-03-18T17:59:35Z</time>
					</trkpt>
					<trkpt lat="45.793570" lon="6.055630">
						<ele>580</ele>
						<time>2025-03-18T17:59:36Z</time>
					</trkpt>
					<trkpt lat="45.793640" lon="6.055680">
						<ele>580</ele>
						<time>2025-03-18T17:59:37Z</time>
					</trkpt>
					<trkpt lat="45.793750" lon="6.055750">
						<ele>580</ele>
						<time>2025-03-18T17:59:39Z</time>
					</trkpt>
					<trkpt lat="45.793830" lon="6.055780">
						<ele>580</ele>
						<time>2025-03-18T17:59:41Z</time>
					</trkpt>
					<trkpt lat="45.793960" lon="6.055800">
						<ele>579</ele>
						<time>2025-03-18T17:59:43Z</time>
					</trkpt>
					<trkpt lat="45.794020" lon="6.055800">
						<ele>579</ele>
						<time>2025-03-18T17:59:44Z</time>
					</trkpt>
					<trkpt lat="45.794540" lon="6.055760">
						<ele>577</ele>
						<time>2025-03-18T17:59:54Z</time>
					</trkpt>
					<trkpt lat="45.794950" lon="6.055800">
						<ele>577</ele>
						<time>2025-03-18T18:00:01Z</time>
					</trkpt>
					<trkpt lat="45.795850" lon="6.056060">
						<ele>576</ele>
						<time>2025-03-18T18:00:17Z</time>
					</trkpt>
					<trkpt lat="45.796310" lon="6.056330">
						<ele>578</ele>
						<time>2025-03-18T18:00:26Z</time>
					</trkpt>
					<trkpt lat="45.796690" lon="6.056560">
						<ele>580</ele>
						<time>2025-03-18T18:00:33Z</time>
					</trkpt>
					<trkpt lat="45.797880" lon="6.057300">
						<ele>585</ele>
						<time>2025-03-18T18:00:56Z</time>
					</trkpt>
					<trkpt lat="45.798080" lon="6.057430">
						<ele>586</ele>
						<time>2025-03-18T18:01:00Z</time>
					</trkpt>
					<trkpt lat="45.798280" lon="6.057550">
						<ele>587</ele>
						<time>2025-03-18T18:01:04Z</time>
					</trkpt>
					<trkpt lat="45.798540" lon="6.057680">
						<ele>588</ele>
						<time>2025-03-18T18:01:09Z</time>
					</trkpt>
					<trkpt lat="45.798640" lon="6.057720">
						<ele>588</ele>
						<time>2025-03-18T18:01:11Z</time>
					</trkpt>
					<trkpt lat="45.798860" lon="6.057790">
						<ele>589</ele>
						<time>2025-03-18T18:01:15Z</time>
					</trkpt>
					<trkpt lat="45.799040" lon="6.057800">
						<ele>588</ele>
						<time>2025-03-18T18:01:18Z</time>
					</trkpt>
					<trkpt lat="45.799090" lon="6.057800">
						<ele>588</ele>
						<time>2025-03-18T18:01:19Z</time>
					</trkpt>
					<trkpt lat="45.799620" lon="6.057550">
						<ele>586</ele>
						<time>2025-03-18T18:01:29Z</time>
					</trkpt>
					<trkpt lat="45.799890" lon="6.057460">
						<ele>585</ele>
						<time>2025-03-18T18:01:34Z</time>
					</trkpt>
					<trkpt lat="45.800070" lon="6.057420">
						<ele>585</ele>
						<time>2025-03-18T18:01:37Z</time>
					</trkpt>
					<trkpt lat="45.800370" lon="6.057430">
						<ele>585</ele>
						<time>2025-03-18T18:01:42Z</time>
					</trkpt>
					<trkpt lat="45.800910" lon="6.057570">
						<ele>585</ele>
						<time>2025-03-18T18:01:52Z</time>
					</trkpt>
					<trkpt lat="45.802040" lon="6.057820">
						<ele>586</ele>
						<time>2025-03-18T18:02:13Z</time>
					</trkpt>
					<trkpt lat="45.802230" lon="6.057860">
						<ele>586</ele>
						<time>2025-03-18T18:02:16Z</time>
					</trkpt>
					<trkpt lat="45.803160" lon="6.058210">
						<ele>587</ele>
						<time>2025-03-18T18:02:33Z</time>
					</trkpt>
					<trkpt lat="45.804920" lon="6.059010">
						<ele>590</ele>
						<time>2025-03-18T18:03:06Z</time>
					</trkpt>
					<trkpt lat="45.805030" lon="6.059060">
						<ele>590</ele>
						<time>2025-03-18T18:03:08Z</time>
					</trkpt>
					<trkpt lat="45.805910" lon="6.059480">
						<ele>591</ele>
						<time>2025-03-18T18:03:25Z</time>
					</trkpt>
					<trkpt lat="45.806270" lon="6.059690">
						<ele>592</ele>
						<time>2025-03-18T18:03:31Z</time>
					</trkpt>
					<trkpt lat="45.806640" lon="6.059940">
						<ele>592</ele>
						<time>2025-03-18T18:03:39Z</time>
					</trkpt>
					<trkpt lat="45.806830" lon="6.060070">
						<ele>592</ele>
						<time>2025-03-18T18:03:42Z</time>
					</trkpt>
					<trkpt lat="45.806930" lon="6.060120">
						<ele>592</ele>
						<time>2025-03-18T18:03:44Z</time>
					</trkpt>
					<trkpt lat="45.807030" lon="6.060200">
						<ele>592</ele>
						<time>2025-03-18T18:03:46Z</time>
					</trkpt>
					<trkpt lat="45.807090" lon="6.060250">
						<ele>592</ele>
						<time>2025-03-18T18:03:48Z</time>
					</trkpt>
					<trkpt lat="45.807290" lon="6.060460">
						<ele>593</ele>
						<time>2025-03-18T18:03:52Z</time>
					</trkpt>
					<trkpt lat="45.807850" lon="6.060920">
						<ele>594</ele>
						<time>2025-03-18T18:04:03Z</time>
					</trkpt>
					<trkpt lat="45.807880" lon="6.060940">
						<ele>594</ele>
						<time>2025-03-18T18:04:04Z</time>
					</trkpt>
					<trkpt lat="45.808930" lon="6.061780">
						<ele>596</ele>
						<time>2025-03-18T18:04:25Z</time>
					</trkpt>
					<trkpt lat="45.809490" lon="6.062200">
						<ele>597</ele>
						<time>2025-03-18T18:04:37Z</time>
					</trkpt>
					<trkpt lat="45.809570" lon="6.062220">
						<ele>597</ele>
						<time>2025-03-18T18:04:38Z</time>
					</trkpt>
					<trkpt lat="45.809610" lon="6.062230">
						<ele>597</ele>
						<time>2025-03-18T18:04:39Z</time>
					</trkpt>
					<trkpt lat="45.809680" lon="6.062210">
						<ele>597</ele>
						<time>2025-03-18T18:04:40Z</time>
					</trkpt>
					<trkpt lat="45.809740" lon="6.062170">
						<ele>597</ele>
						<time>2025-03-18T18:04:41Z</time>
					</trkpt>
					<trkpt lat="45.809860" lon="6.062070">
						<ele>596</ele>
						<time>2025-03-18T18:04:44Z</time>
					</trkpt>
					<trkpt lat="45.809920" lon="6.062020">
						<ele>596</ele>
						<time>2025-03-18T18:04:45Z</time>
					</trkpt>
					<trkpt lat="45.809950" lon="6.061990">
						<ele>596</ele>
						<time>2025-03-18T18:04:46Z</time>
					</trkpt>
					<trkpt lat="45.810440" lon="6.061570">
						<ele>593</ele>
						<time>2025-03-18T18:04:56Z</time>
					</trkpt>
					<trkpt lat="45.810570" lon="6.061470">
						<ele>592</ele>
						<time>2025-03-18T18:04:58Z</time>
					</trkpt>
					<trkpt lat="45.810870" lon="6.061280">
						<ele>590</ele>
						<time>2025-03-18T18:05:04Z</time>
					</trkpt>
					<trkpt lat="45.810970" lon="6.061220">
						<ele>589</ele>
						<time>2025-03-18T18:05:06Z</time>
					</trkpt>
					<trkpt lat="45.811240" lon="6.061080">
						<ele>587</ele>
						<time>2025-03-18T18:05:11Z</time>
					</trkpt>
					<trkpt lat="45.811350" lon="6.061070">
						<ele>587</ele>
						<time>2025-03-18T18:05:13Z</time>
					</trkpt>
					<trkpt lat="45.811480" lon="6.061100">
						<ele>587</ele>
						<time>2025-03-18T18:05:16Z</time>
					</trkpt>
					<trkpt lat="45.811620" lon="6.061200">
						<ele>587</ele>
						<time>2025-03-18T18:05:18Z</time>
					</trkpt>
					<trkpt lat="45.812050" lon="6.061640">
						<ele>587</ele>
						<time>2025-03-18T18:05:28Z</time>
					</trkpt>
					<trkpt lat="45.812170" lon="6.061720">
						<ele>587</ele>
						<time>2025-03-18T18:05:30Z</time>
					</trkpt>
					<trkpt lat="45.812300" lon="6.061750">
						<ele>586</ele>
						<time>2025-03-18T18:05:33Z</time>
					</trkpt>
					<trkpt lat="45.812440" lon="6.061740">
						<ele>585</ele>
						<time>2025-03-18T18:05:35Z</time>
					</trkpt>
					<trkpt lat="45.812480" lon="6.061890">
						<ele>585</ele>
						<time>2025-03-18T18:05:37Z</time>
					</trkpt>
					<trkpt lat="45.812560" lon="6.062000">
						<ele>586</ele>
						<time>2025-03-18T18:05:39Z</time>
					</trkpt>
					<trkpt lat="45.812620" lon="6.062030">
						<ele>586</ele>
						<time>2025-03-18T18:05:40Z</time>
					</trkpt>
					<trkpt lat="45.812610" lon="6.061950">
						<ele>586</ele>
						<time>2025-03-18T18:05:41Z</time>
					</trkpt>
					<trkpt lat="45.812580" lon="6.061800">
						<ele>585</ele>
						<time>2025-03-18T18:05:43Z</time>
					</trkpt>
					<trkpt lat="45.812520" lon="6.061730">
						<ele>584</ele>
						<time>2025-03-18T18:05:44Z</time>
					</trkpt>
					<trkpt lat="45.812440" lon="6.061740">
						<ele>585</ele>
						<time>2025-03-18T18:05:46Z</time>
					</trkpt>
					<trkpt lat="45.812480" lon="6.061890">
						<ele>585</ele>
						<time>2025-03-18T18:05:48Z</time>
					</trkpt>
					<trkpt lat="45.812560" lon="6.062000">
						<ele>586</ele>
						<time>2025-03-18T18:05:50Z</time>
					</trkpt>
					<trkpt lat="45.812620" lon="6.062030">
						<ele>586</ele>
						<time>2025-03-18T18:05:51Z</time>
					</trkpt>
					<trkpt lat="45.812710" lon="6.062120">
						<ele>586</ele>
						<time>2025-03-18T18:05:53Z</time>
					</trkpt>
					<trkpt lat="45.812920" lon="6.062310">
						<ele>587</ele>
						<time>2025-03-18T18:05:57Z</time>
					</trkpt>
					<trkpt lat="45.813010" lon="6.062370">
						<ele>588</ele>
						<time>2025-03-18T18:05:59Z</time>
					</trkpt>
					<trkpt lat="45.813220" lon="6.062430">
						<ele>588</ele>
						<time>2025-03-18T18:06:03Z</time>
					</trkpt>
					<trkpt lat="45.813580" lon="6.062480">
						<ele>588</ele>
						<time>2025-03-18T18:06:09Z</time>
					</trkpt>
					<trkpt lat="45.814240" lon="6.062510">
						<ele>589</ele>
						<time>2025-03-18T18:06:21Z</time>
					</trkpt>
					<trkpt lat="45.814440" lon="6.062460">
						<ele>590</ele>
						<time>2025-03-18T18:06:25Z</time>
					</trkpt>
					<trkpt lat="45.814970" lon="6.062220">
						<ele>590</ele>
						<time>2025-03-18T18:06:35Z</time>
					</trkpt>
					<trkpt lat="45.815160" lon="6.062190">
						<ele>589</ele>
						<time>2025-03-18T18:06:38Z</time>
					</trkpt>
					<trkpt lat="45.815310" lon="6.062210">
						<ele>589</ele>
						<time>2025-03-18T18:06:41Z</time>
					</trkpt>
					<trkpt lat="45.815560" lon="6.062320">
						<ele>589</ele>
						<time>2025-03-18T18:06:45Z</time>
					</trkpt>
					<trkpt lat="45.815850" lon="6.062420">
						<ele>589</ele>
						<time>2025-03-18T18:06:51Z</time>
					</trkpt>
					<trkpt lat="45.816420" lon="6.062540">
						<ele>588</ele>
						<time>2025-03-18T18:07:01Z</time>
					</trkpt>
					<trkpt lat="45.818100" lon="6.062850">
						<ele>592</ele>
						<time>2025-03-18T18:07:31Z</time>
					</trkpt>
					<trkpt lat="45.818290" lon="6.062900">
						<ele>594</ele>
						<time>2025-03-18T18:07:34Z</time>
					</trkpt>
					<trkpt lat="45.818670" lon="6.063020">
						<ele>595</ele>
						<time>2025-03-18T18:07:41Z</time>
					</trkpt>
					<trkpt lat="45.818860" lon="6.063120">
						<ele>596</ele>
						<time>2025-03-18T18:07:45Z</time>
					</trkpt>
					<trkpt lat="45.819060" lon="6.063320">
						<ele>599</ele>
						<time>2025-03-18T18:07:49Z</time>
					</trkpt>
					<trkpt lat="45.819270" lon="6.063580">
						<ele>602</ele>
						<time>2025-03-18T18:07:54Z</time>
					</trkpt>
					<trkpt lat="45.819450" lon="6.063940">
						<ele>605</ele>
						<time>2025-03-18T18:08:00Z</time>
					</trkpt>
					<trkpt lat="45.819710" lon="6.064670">
						<ele>609</ele>
						<time>2025-03-18T18:08:10Z</time>
					</trkpt>
					<trkpt lat="45.819860" lon="6.064970">
						<ele>609</ele>
						<time>2025-03-18T18:08:14Z</time>
					</trkpt>
					<trkpt lat="45.820120" lon="6.065300">
						<ele>612</ele>
						<time>2025-03-18T18:08:21Z</time>
					</trkpt>
					<trkpt lat="45.820240" lon="6.065410">
						<ele>613</ele>
						<time>2025-03-18T18:08:23Z</time>
					</trkpt>
					<trkpt lat="45.820330" lon="6.065490">
						<ele>614</ele>
						<time>2025-03-18T18:08:25Z</time>
					</trkpt>
					<trkpt lat="45.820480" lon="6.065600">
						<ele>614</ele>
						<time>2025-03-18T18:08:28Z</time>
					</trkpt>
					<trkpt lat="45.820580" lon="6.065740">
						<ele>615</ele>
						<time>2025-03-18T18:08:31Z</time>
					</trkpt>
					<trkpt lat="45.820890" lon="6.066300">
						<ele>617</ele>
						<time>2025-03-18T18:08:39Z</time>
					</trkpt>
					<trkpt lat="45.821070" lon="6.066470">
						<ele>620</ele>
						<time>2025-03-18T18:08:43Z</time>
					</trkpt>
					<trkpt lat="45.821180" lon="6.066520">
						<ele>621</ele>
						<time>2025-03-18T18:08:45Z</time>
					</trkpt>
					<trkpt lat="45.821290" lon="6.066520">
						<ele>622</ele>
						<time>2025-03-18T18:08:47Z</time>
					</trkpt>
					<trkpt lat="45.821390" lon="6.066480">
						<ele>622</ele>
						<time>2025-03-18T18:08:49Z</time>
					</trkpt>
					<trkpt lat="45.821480" lon="6.066420">
						<ele>622</ele>
						<time>2025-03-18T18:08:51Z</time>
					</trkpt>
					<trkpt lat="45.821630" lon="6.066200">
						<ele>621</ele>
						<time>2025-03-18T18:08:55Z</time>
					</trkpt>
					<trkpt lat="45.821750" lon="6.066100">
						<ele>620</ele>
						<time>2025-03-18T18:08:57Z</time>
					</trkpt>
					<trkpt lat="45.821930" lon="6.066030">
						<ele>622</ele>
						<time>2025-03-18T18:09:00Z</time>
					</trkpt>
					<trkpt lat="45.822130" lon="6.065990">
						<ele>623</ele>
						<time>2025-03-18T18:09:04Z</time>
					</trkpt>
					<trkpt lat="45.822280" lon="6.065910">
						<ele>624</ele>
						<time>2025-03-18T18:09:07Z</time>
					</trkpt>
					<trkpt lat="45.822460" lon="6.065770">
						<ele>625</ele>
						<time>2025-03-18T18:09:11Z</time>
					</trkpt>
					<trkpt lat="45.822560" lon="6.065710">
						<ele>624</ele>
						<time>2025-03-18T18:09:12Z</time>
					</trkpt>
					<trkpt lat="45.822680" lon="6.065690">
						<ele>624</ele>
						<time>2025-03-18T18:09:15Z</time>
					</trkpt>
					<trkpt lat="45.822770" lon="6.065760">
						<ele>625</ele>
						<time>2025-03-18T18:09:16Z</time>
					</trkpt>
					<trkpt lat="45.822840" lon="6.065840">
						<ele>626</ele>
						<time>2025-03-18T18:09:18Z</time>
					</trkpt>
					<trkpt lat="45.822920" lon="6.066080">
						<ele>628</ele>
						<time>2025-03-18T18:09:21Z</time>
					</trkpt>
					<trkpt lat="45.823100" lon="6.066690">
						<ele>632</ele>
						<time>2025-03-18T18:09:30Z</time>
					</trkpt>
					<trkpt lat="45.823120" lon="6.066770">
						<ele>633</ele>
						<time>2025-03-18T18:09:31Z</time>
					</trkpt>
					<trkpt lat="45.823380" lon="6.067700">
						<ele>640</ele>
						<time>2025-03-18T18:09:43Z</time>
					</trkpt>
					<trkpt lat="45.823380" lon="6.067880">
						<ele>640</ele>
						<time>2025-03-18T18:09:45Z</time>
					</trkpt>
					<trkpt lat="45.823330" lon="6.068040">
						<ele>642</ele>
						<time>2025-03-18T18:09:47Z</time>
					</trkpt>
					<trkpt lat="45.823210" lon="6.068290">
						<ele>645</ele>
						<time>2025-03-18T18:09:51Z</time>
					</trkpt>
					<trkpt lat="45.823170" lon="6.068430">
						<ele>646</ele>
						<time>2025-03-18T18:09:53Z</time>
					</trkpt>
					<trkpt lat="45.823170" lon="6.068650">
						<ele>648</ele>
						<time>2025-03-18T18:09:56Z</time>
					</trkpt>
					<trkpt lat="45.823210" lon="6.068840">
						<ele>650</ele>
						<time>2025-03-18T18:09:58Z</time>
					</trkpt>
					<trkpt lat="45.823260" lon="6.068950">
						<ele>650</ele>
						<time>2025-03-18T18:10:00Z</time>
					</trkpt>
					<trkpt lat="45.823380" lon="6.069150">
						<ele>652</ele>
						<time>2025-03-18T18:10:03Z</time>
					</trkpt>
					<trkpt lat="45.823490" lon="6.069270">
						<ele>653</ele>
						<time>2025-03-18T18:10:06Z</time>
					</trkpt>
					<trkpt lat="45.823570" lon="6.069450">
						<ele>656</ele>
						<time>2025-03-18T18:10:08Z</time>
					</trkpt>
					<trkpt lat="45.823680" lon="6.069790">
						<ele>660</ele>
						<time>2025-03-18T18:10:13Z</time>
					</trkpt>
					<trkpt lat="45.823830" lon="6.070100">
						<ele>663</ele>
						<time>2025-03-18T18:10:18Z</time>
					</trkpt>
					<trkpt lat="45.824030" lon="6.070400">
						<ele>666</ele>
						<time>2025-03-18T18:10:23Z</time>
					</trkpt>
					<trkpt lat="45.824190" lon="6.070620">
						<ele>668</ele>
						<time>2025-03-18T18:10:27Z</time>
					</trkpt>
					<trkpt lat="45.824260" lon="6.070810">
						<ele>671</ele>
						<time>2025-03-18T18:10:29Z</time>
					</trkpt>
					<trkpt lat="45.824310" lon="6.071070">
						<ele>673</ele>
						<time>2025-03-18T18:10:33Z</time>
					</trkpt>
					<trkpt lat="45.824410" lon="6.071720">
						<ele>676</ele>
						<time>2025-03-18T18:10:41Z</time>
					</trkpt>
					<trkpt lat="45.824520" lon="6.072090">
						<ele>678</ele>
						<time>2025-03-18T18:10:46Z</time>
					</trkpt>
					<trkpt lat="45.824730" lon="6.072490">
						<ele>678</ele>
						<time>2025-03-18T18:10:52Z</time>
					</trkpt>
					<trkpt lat="45.824900" lon="6.072670">
						<ele>678</ele>
						<time>2025-03-18T18:10:56Z</time>
					</trkpt>
					<trkpt lat="45.825030" lon="6.072780">
						<ele>678</ele>
						<time>2025-03-18T18:10:59Z</time>
					</trkpt>
					<trkpt lat="45.825130" lon="6.072830">
						<ele>679</ele>
						<time>2025-03-18T18:11:00Z</time>
					</trkpt>
					<trkpt lat="45.825360" lon="6.072880">
						<ele>681</ele>
						<time>2025-03-18T18:11:05Z</time>
					</trkpt>
					<trkpt lat="45.825660" lon="6.072910">
						<ele>683</ele>
						<time>2025-03-18T18:11:10Z</time>
					</trkpt>
					<trkpt lat="45.825940" lon="6.072950">
						<ele>685</ele>
						<time>2025-03-18T18:11:15Z</time>
					</trkpt>
					<trkpt lat="45.826190" lon="6.072990">
						<ele>685</ele>
						<time>2025-03-18T18:11:19Z</time>
					</trkpt>
					<trkpt lat="45.826720" lon="6.073200">
						<ele>688</ele>
						<time>2025-03-18T18:11:29Z</time>
					</trkpt>
					<trkpt lat="45.826930" lon="6.073210">
						<ele>688</ele>
						<time>2025-03-18T18:11:33Z</time>
					</trkpt>
					<trkpt lat="45.827290" lon="6.073170">
						<ele>686</ele>
						<time>2025-03-18T18:11:39Z</time>
					</trkpt>
					<trkpt lat="45.827430" lon="6.073190">
						<ele>686</ele>
						<time>2025-03-18T18:11:42Z</time>
					</trkpt>
					<trkpt lat="45.827610" lon="6.073270">
						<ele>687</ele>
						<time>2025-03-18T18:11:45Z</time>
					</trkpt>
					<trkpt lat="45.827780" lon="6.073410">
						<ele>688</ele>
						<time>2025-03-18T18:11:49Z</time>
					</trkpt>
					<trkpt lat="45.827960" lon="6.073500">
						<ele>690</ele>
						<time>2025-03-18T18:11:52Z</time>
					</trkpt>
					<trkpt lat="45.828110" lon="6.073510">
						<ele>690</ele>
						<time>2025-03-18T18:11:55Z</time>
					</trkpt>
					<trkpt lat="45.828300" lon="6.073480">
						<ele>689</ele>
						<time>2025-03-18T18:11:58Z</time>
					</trkpt>
					<trkpt lat="45.828490" lon="6.073500">
						<ele>689</ele>
						<time>2025-03-18T18:12:02Z</time>
					</trkpt>
					<trkpt lat="45.828760" lon="6.073670">
						<ele>690</ele>
						<time>2025-03-18T18:12:07Z</time>
					</trkpt>
					<trkpt lat="45.829020" lon="6.073880">
						<ele>692</ele>
						<time>2025-03-18T18:12:12Z</time>
					</trkpt>
					<trkpt lat="45.829330" lon="6.074130">
						<ele>695</ele>
						<time>2025-03-18T18:12:18Z</time>
					</trkpt>
					<trkpt lat="45.829570" lon="6.074340">
						<ele>696</ele>
						<time>2025-03-18T18:12:23Z</time>
					</trkpt>
					<trkpt lat="45.829590" lon="6.074360">
						<ele>696</ele>
						<time>2025-03-18T18:12:24Z</time>
					</trkpt>
					<trkpt lat="45.829950" lon="6.074850">
						<ele>698</ele>
						<time>2025-03-18T18:12:33Z</time>
					</trkpt>
					<trkpt lat="45.830620" lon="6.075850">
						<ele>701</ele>
						<time>2025-03-18T18:12:50Z</time>
					</trkpt>
					<trkpt lat="45.830980" lon="6.076400">
						<ele>706</ele>
						<time>2025-03-18T18:12:59Z</time>
					</trkpt>
					<trkpt lat="45.831120" lon="6.076560">
						<ele>706</ele>
						<time>2025-03-18T18:13:03Z</time>
					</trkpt>
					<trkpt lat="45.831320" lon="6.076740">
						<ele>705</ele>
						<time>2025-03-18T18:13:07Z</time>
					</trkpt>
					<trkpt lat="45.831420" lon="6.076810">
						<ele>705</ele>
						<time>2025-03-18T18:13:09Z</time>
					</trkpt>
					<trkpt lat="45.831480" lon="6.076820">
						<ele>704</ele>
						<time>2025-03-18T18:13:10Z</time>
					</trkpt>
					<trkpt lat="45.831580" lon="6.076820">
						<ele>702</ele>
						<time>2025-03-18T18:13:12Z</time>
					</trkpt>
					<trkpt lat="45.831690" lon="6.076790">
						<ele>701</ele>
						<time>2025-03-18T18:13:14Z</time>
					</trkpt>
					<trkpt lat="45.832060" lon="6.076590">
						<ele>700</ele>
						<time>2025-03-18T18:13:21Z</time>
					</trkpt>
					<trkpt lat="45.832210" lon="6.076520">
						<ele>700</ele>
						<time>2025-03-18T18:13:23Z</time>
					</trkpt>
					<trkpt lat="45.832320" lon="6.076490">
						<ele>701</ele>
						<time>2025-03-18T18:13:25Z</time>
					</trkpt>
					<trkpt lat="45.832590" lon="6.076500">
						<ele>702</ele>
						<time>2025-03-18T18:13:30Z</time>
					</trkpt>
					<trkpt lat="45.832930" lon="6.076540">
						<ele>703</ele>
						<time>2025-03-18T18:13:36Z</time>
					</trkpt>
					<trkpt lat="45.833730" lon="6.076720">
						<ele>704</ele>
						<time>2025-03-18T18:13:51Z</time>
					</trkpt>
					<trkpt lat="45.833760" lon="6.076750">
						<ele>704</ele>
						<time>2025-03-18T18:13:51Z</time>
					</trkpt>
					<trkpt lat="45.834050" lon="6.076960">
						<ele>705</ele>
						<time>2025-03-18T18:13:57Z</time>
					</trkpt>
					<trkpt lat="45.834220" lon="6.077100">
						<ele>706</ele>
						<time>2025-03-18T18:14:01Z</time>
					</trkpt>
					<trkpt lat="45.834450" lon="6.077420">
						<ele>708</ele>
						<time>2025-03-18T18:14:06Z</time>
					</trkpt>
					<trkpt lat="45.834580" lon="6.077600">
						<ele>709</ele>
						<time>2025-03-18T18:14:09Z</time>
					</trkpt>
					<trkpt lat="45.834940" lon="6.077850">
						<ele>709</ele>
						<time>2025-03-18T18:14:17Z</time>
					</trkpt>
					<trkpt lat="45.835080" lon="6.077960">
						<ele>709</ele>
						<time>2025-03-18T18:14:19Z</time>
					</trkpt>
					<trkpt lat="45.835180" lon="6.078090">
						<ele>709</ele>
						<time>2025-03-18T18:14:22Z</time>
					</trkpt>
					<trkpt lat="45.835280" lon="6.078290">
						<ele>711</ele>
						<time>2025-03-18T18:14:25Z</time>
					</trkpt>
					<trkpt lat="45.835340" lon="6.078470">
						<ele>712</ele>
						<time>2025-03-18T18:14:27Z</time>
					</trkpt>
					<trkpt lat="45.835400" lon="6.078840">
						<ele>716</ele>
						<time>2025-03-18T18:14:32Z</time>
					</trkpt>
					<trkpt lat="45.835460" lon="6.079020">
						<ele>716</ele>
						<time>2025-03-18T18:14:35Z</time>
					</trkpt>
					<trkpt lat="45.835540" lon="6.079160">
						<ele>716</ele>
						<time>2025-03-18T18:14:37Z</time>
					</trkpt>
					<trkpt lat="45.835830" lon="6.079480">
						<ele>714</ele>
						<time>2025-03-18T18:14:43Z</time>
					</trkpt>
					<trkpt lat="45.836600" lon="6.080400">
						<ele>721</ele>
						<time>2025-03-18T18:15:01Z</time>
					</trkpt>
					<trkpt lat="45.837400" lon="6.081500">
						<ele>732</ele>
						<time>2025-03-18T18:15:21Z</time>
					</trkpt>
					<trkpt lat="45.837690" lon="6.081790">
						<ele>733</ele>
						<time>2025-03-18T18:15:27Z</time>
					</trkpt>
					<trkpt lat="45.837780" lon="6.081860">
						<ele>733</ele>
						<time>2025-03-18T18:15:29Z</time>
					</trkpt>
					<trkpt lat="45.838190" lon="6.082210">
						<ele>733</ele>
						<time>2025-03-18T18:15:37Z</time>
					</trkpt>
					<trkpt lat="45.838390" lon="6.082420">
						<ele>734</ele>
						<time>2025-03-18T18:15:42Z</time>
					</trkpt>
					<trkpt lat="45.838500" lon="6.082580">
						<ele>736</ele>
						<time>2025-03-18T18:15:45Z</time>
					</trkpt>
					<trkpt lat="45.838610" lon="6.082750">
						<ele>737</ele>
						<time>2025-03-18T18:15:48Z</time>
					</trkpt>
					<trkpt lat="45.838700" lon="6.082900">
						<ele>738</ele>
						<time>2025-03-18T18:15:50Z</time>
					</trkpt>
					<trkpt lat="45.838730" lon="6.083000">
						<ele>739</ele>
						<time>2025-03-18T18:15:51Z</time>
					</trkpt>
					<trkpt lat="45.838750" lon="6.083010">
						<ele>739</ele>
						<time>2025-03-18T18:15:52Z</time>
					</trkpt>
					<trkpt lat="45.838730" lon="6.083000">
						<ele>739</ele>
						<time>2025-03-18T18:15:52Z</time>
					</trkpt>
					<trkpt lat="45.838680" lon="6.083050">
						<ele>740</ele>
						<time>2025-03-18T18:15:53Z</time>
					</trkpt>
					<trkpt lat="45.838640" lon="6.083150">
						<ele>741</ele>
						<time>2025-03-18T18:15:55Z</time>
					</trkpt>
					<trkpt lat="45.838570" lon="6.083550">
						<ele>744</ele>
						<time>2025-03-18T18:16:00Z</time>
					</trkpt>
					<trkpt lat="45.838530" lon="6.083640">
						<ele>745</ele>
						<time>2025-03-18T18:16:01Z</time>
					</trkpt>
					<trkpt lat="45.838370" lon="6.083830">
						<ele>747</ele>
						<time>2025-03-18T18:16:05Z</time>
					</trkpt>
					<trkpt lat="45.838250" lon="6.083960">
						<ele>749</ele>
						<time>2025-03-18T18:16:07Z</time>
					</trkpt>
					<trkpt lat="45.838200" lon="6.084030">
						<ele>750</ele>
						<time>2025-03-18T18:16:09Z</time>
					</trkpt>
					<trkpt lat="45.838160" lon="6.084130">
						<ele>751</ele>
						<time>2025-03-18T18:16:10Z</time>
					</trkpt>
					<trkpt lat="45.838050" lon="6.084470">
						<ele>753</ele>
						<time>2025-03-18T18:16:15Z</time>
					</trkpt>
					<trkpt lat="45.837950" lon="6.084770">
						<ele>756</ele>
						<time>2025-03-18T18:16:19Z</time>
					</trkpt>
					<trkpt lat="45.837870" lon="6.084990">
						<ele>758</ele>
						<time>2025-03-18T18:16:22Z</time>
					</trkpt>
					<trkpt lat="45.837830" lon="6.085150">
						<ele>759</ele>
						<time>2025-03-18T18:16:24Z</time>
					</trkpt>
					<trkpt lat="45.837800" lon="6.085330">
						<ele>760</ele>
						<time>2025-03-18T18:16:26Z</time>
					</trkpt>
					<trkpt lat="45.837780" lon="6.085370">
						<ele>761</ele>
						<time>2025-03-18T18:16:27Z</time>
					</trkpt>
					<trkpt lat="45.837750" lon="6.085430">
						<ele>761</ele>
						<time>2025-03-18T18:16:28Z</time>
					</trkpt>
					<trkpt lat="45.837710" lon="6.085460">
						<ele>762</ele>
						<time>2025-03-18T18:16:29Z</time>
					</trkpt>
					<trkpt lat="45.837640" lon="6.085490">
						<ele>763</ele>
						<time>2025-03-18T18:16:30Z</time>
					</trkpt>
					<trkpt lat="45.837540" lon="6.085510">
						<ele>764</ele>
						<time>2025-03-18T18:16:32Z</time>
					</trkpt>
					<trkpt lat="45.836970" lon="6.085570">
						<ele>769</ele>
						<time>2025-03-18T18:16:42Z</time>
					</trkpt>
					<trkpt lat="45.836890" lon="6.085590">
						<ele>770</ele>
						<time>2025-03-18T18:16:43Z</time>
					</trkpt>
					<trkpt lat="45.836820" lon="6.085650">
						<ele>770</ele>
						<time>2025-03-18T18:16:45Z</time>
					</trkpt>
					<trkpt lat="45.836760" lon="6.085720">
						<ele>771</ele>
						<time>2025-03-18T18:16:46Z</time>
					</trkpt>
					<trkpt lat="45.836730" lon="6.085790">
						<ele>772</ele>
						<time>2025-03-18T18:16:47Z</time>
					</trkpt>
					<trkpt lat="45.836720" lon="6.085890">
						<ele>773</ele>
						<time>2025-03-18T18:16:48Z</time>
					</trkpt>
					<trkpt lat="45.836710" lon="6.086120">
						<ele>775</ele>
						<time>2025-03-18T18:16:51Z</time>
					</trkpt>
					<trkpt lat="45.836740" lon="6.086830">
						<ele>781</ele>
						<time>2025-03-18T18:17:00Z</time>
					</trkpt>
					<trkpt lat="45.836740" lon="6.086920">
						<ele>782</ele>
						<time>2025-03-18T18:17:01Z</time>
					</trkpt>
					<trkpt lat="45.836720" lon="6.086990">
						<ele>783</ele>
						<time>2025-03-18T18:17:02Z</time>
					</trkpt>
					<trkpt lat="45.836680" lon="6.087060">
						<ele>785</ele>
						<time>2025-03-18T18:17:03Z</time>
					</trkpt>
					<trkpt lat="45.836650" lon="6.087090">
						<ele>786</ele>
						<time>2025-03-18T18:17:04Z</time>
					</trkpt>
					<trkpt lat="45.836610" lon="6.087100">
						<ele>786</ele>
						<time>2025-03-18T18:17:05Z</time>
					</trkpt>
					<trkpt lat="45.836560" lon="6.087090">
						<ele>787</ele>
						<time>2025-03-18T18:17:06Z</time>
					</trkpt>
					<trkpt lat="45.836450" lon="6.087040">
						<ele>788</ele>
						<time>2025-03-18T18:17:08Z</time>
					</trkpt>
					<trkpt lat="45.836350" lon="6.087020">
						<ele>789</ele>
						<time>2025-03-18T18:17:09Z</time>
					</trkpt>
					<trkpt lat="45.836220" lon="6.087010">
						<ele>790</ele>
						<time>2025-03-18T18:17:12Z</time>
					</trkpt>
					<trkpt lat="45.835770" lon="6.087030">
						<ele>796</ele>
						<time>2025-03-18T18:17:20Z</time>
					</trkpt>
					<trkpt lat="45.835490" lon="6.087160">
						<ele>799</ele>
						<time>2025-03-18T18:17:25Z</time>
					</trkpt>
					<trkpt lat="45.835130" lon="6.087330">
						<ele>802</ele>
						<time>2025-03-18T18:17:32Z</time>
					</trkpt>
					<trkpt lat="45.835070" lon="6.087350">
						<ele>802</ele>
						<time>2025-03-18T18:17:33Z</time>
					</trkpt>
					<trkpt lat="45.834940" lon="6.087350">
						<ele>803</ele>
						<time>2025-03-18T18:17:35Z</time>
					</trkpt>
					<trkpt lat="45.834790" lon="6.087330">
						<ele>804</ele>
						<time>2025-03-18T18:17:38Z</time>
					</trkpt>
					<trkpt lat="45.834480" lon="6.087210">
						<ele>805</ele>
						<time>2025-03-18T18:17:44Z</time>
					</trkpt>
					<trkpt lat="45.834290" lon="6.087090">
						<ele>805</ele>
						<time>2025-03-18T18:17:47Z</time>
					</trkpt>
					<trkpt lat="45.834140" lon="6.086970">
						<ele>805</ele>
						<time>2025-03-18T18:17:50Z</time>
					</trkpt>
					<trkpt lat="45.833990" lon="6.086810">
						<ele>806</ele>
						<time>2025-03-18T18:17:54Z</time>
					</trkpt>
					<trkpt lat="45.833790" lon="6.086570">
						<ele>807</ele>
						<time>2025-03-18T18:17:58Z</time>
					</trkpt>
					<trkpt lat="45.833370" lon="6.086110">
						<ele>810</ele>
						<time>2025-03-18T18:18:08Z</time>
					</trkpt>
					<trkpt lat="45.832480" lon="6.085310">
						<ele>813</ele>
						<time>2025-03-18T18:18:26Z</time>
					</trkpt>
					<trkpt lat="45.832360" lon="6.085230">
						<ele>813</ele>
						<time>2025-03-18T18:18:29Z</time>
					</trkpt>
					<trkpt lat="45.832260" lon="6.085200">
						<ele>813</ele>
						<time>2025-03-18T18:18:30Z</time>
					</trkpt>
					<trkpt lat="45.832150" lon="6.085210">
						<ele>813</ele>
						<time>2025-03-18T18:18:32Z</time>
					</trkpt>
					<trkpt lat="45.832080" lon="6.085230">
						<ele>814</ele>
						<time>2025-03-18T18:18:34Z</time>
					</trkpt>
					<trkpt lat="45.832010" lon="6.085280">
						<ele>814</ele>
						<time>2025-03-18T18:18:35Z</time>
					</trkpt>
					<trkpt lat="45.831970" lon="6.085330">
						<ele>815</ele>
						<time>2025-03-18T18:18:36Z</time>
					</trkpt>
					<trkpt lat="45.831930" lon="6.085420">
						<ele>815</ele>
						<time>2025-03-18T18:18:37Z</time>
					</trkpt>
					<trkpt lat="45.831820" lon="6.086640">
						<ele>825</ele>
						<time>2025-03-18T18:18:53Z</time>
					</trkpt>
					<trkpt lat="45.831820" lon="6.086830">
						<ele>827</ele>
						<time>2025-03-18T18:18:55Z</time>
					</trkpt>
					<trkpt lat="45.831830" lon="6.086960">
						<ele>828</ele>
						<time>2025-03-18T18:18:57Z</time>
					</trkpt>
					<trkpt lat="45.831890" lon="6.087260">
						<ele>831</ele>
						<time>2025-03-18T18:19:00Z</time>
					</trkpt>
					<trkpt lat="45.831920" lon="6.087390">
						<ele>833</ele>
						<time>2025-03-18T18:19:02Z</time>
					</trkpt>
					<trkpt lat="45.831930" lon="6.087490">
						<ele>834</ele>
						<time>2025-03-18T18:19:03Z</time>
					</trkpt>
					<trkpt lat="45.831930" lon="6.087600">
						<ele>835</ele>
						<time>2025-03-18T18:19:05Z</time>
					</trkpt>
					<trkpt lat="45.831910" lon="6.087690">
						<ele>836</ele>
						<time>2025-03-18T18:19:06Z</time>
					</trkpt>
					<trkpt lat="45.831850" lon="6.087850">
						<ele>839</ele>
						<time>2025-03-18T18:19:08Z</time>
					</trkpt>
					<trkpt lat="45.831780" lon="6.087950">
						<ele>841</ele>
						<time>2025-03-18T18:19:10Z</time>
					</trkpt>
					<trkpt lat="45.831710" lon="6.087990">
						<ele>842</ele>
						<time>2025-03-18T18:19:11Z</time>
					</trkpt>
					<trkpt lat="45.831640" lon="6.088010">
						<ele>843</ele>
						<time>2025-03-18T18:19:13Z</time>
					</trkpt>
					<trkpt lat="45.831360" lon="6.087980">
						<ele>844</ele>
						<time>2025-03-18T18:19:18Z</time>
					</trkpt>
					<trkpt lat="45.831260" lon="6.087980">
						<ele>845</ele>
						<time>2025-03-18T18:19:19Z</time>
					</trkpt>
					<trkpt lat="45.830990" lon="6.088020">
						<ele>847</ele>
						<time>2025-03-18T18:19:24Z</time>
					</trkpt>
					<trkpt lat="45.830880" lon="6.088070">
						<ele>849</ele>
						<time>2025-03-18T18:19:26Z</time>
					</trkpt>
					<trkpt lat="45.830780" lon="6.088130">
						<ele>850</ele>
						<time>2025-03-18T18:19:28Z</time>
					</trkpt>
					<trkpt lat="45.830700" lon="6.088220">
						<ele>852</ele>
						<time>2025-03-18T18:19:30Z</time>
					</trkpt>
					<trkpt lat="45.830620" lon="6.088290">
						<ele>853</ele>
						<time>2025-03-18T18:19:32Z</time>
					</trkpt>
					<trkpt lat="45.830500" lon="6.088350">
						<ele>854</ele>
						<time>2025-03-18T18:19:34Z</time>
					</trkpt>
					<trkpt lat="45.830370" lon="6.088380">
						<ele>855</ele>
						<time>2025-03-18T18:19:36Z</time>
					</trkpt>
					<trkpt lat="45.830290" lon="6.088410">
						<ele>856</ele>
						<time>2025-03-18T18:19:38Z</time>
					</trkpt>
					<trkpt lat="45.830210" lon="6.088460">
						<ele>857</ele>
						<time>2025-03-18T18:19:39Z</time>
					</trkpt>
					<trkpt lat="45.830030" lon="6.088670">
						<ele>860</ele>
						<time>2025-03-18T18:19:43Z</time>
					</trkpt>
					<trkpt lat="45.829920" lon="6.088720">
						<ele>862</ele>
						<time>2025-03-18T18:19:45Z</time>
					</trkpt>
					<trkpt lat="45.829720" lon="6.088760">
						<ele>864</ele>
						<time>2025-03-18T18:19:49Z</time>
					</trkpt>
					<trkpt lat="45.829660" lon="6.088780">
						<ele>865</ele>
						<time>2025-03-18T18:19:50Z</time>
					</trkpt>
					<trkpt lat="45.829590" lon="6.088940">
						<ele>868</ele>
						<time>2025-03-18T18:19:52Z</time>
					</trkpt>
					<trkpt lat="45.829590" lon="6.089010">
						<ele>870</ele>
						<time>2025-03-18T18:19:53Z</time>
					</trkpt>
					<trkpt lat="45.829620" lon="6.089070">
						<ele>870</ele>
						<time>2025-03-18T18:19:54Z</time>
					</trkpt>
					<trkpt lat="45.829650" lon="6.089120">
						<ele>871</ele>
						<time>2025-03-18T18:19:55Z</time>
					</trkpt>
					<trkpt lat="45.829720" lon="6.089150">
						<ele>871</ele>
						<time>2025-03-18T18:19:56Z</time>
					</trkpt>
					<trkpt lat="45.829900" lon="6.089160">
						<ele>869</ele>
						<time>2025-03-18T18:20:00Z</time>
					</trkpt>
					<trkpt lat="45.830020" lon="6.089170">
						<ele>868</ele>
						<time>2025-03-18T18:20:02Z</time>
					</trkpt>
					<trkpt lat="45.830110" lon="6.089220">
						<ele>869</ele>
						<time>2025-03-18T18:20:03Z</time>
					</trkpt>
					<trkpt lat="45.830190" lon="6.089280">
						<ele>870</ele>
						<time>2025-03-18T18:20:05Z</time>
					</trkpt>
					<trkpt lat="45.830340" lon="6.089430">
						<ele>873</ele>
						<time>2025-03-18T18:20:08Z</time>
					</trkpt>
					<trkpt lat="45.830430" lon="6.089510">
						<ele>874</ele>
						<time>2025-03-18T18:20:10Z</time>
					</trkpt>
					<trkpt lat="45.830720" lon="6.089650">
						<ele>877</ele>
						<time>2025-03-18T18:20:16Z</time>
					</trkpt>
					<trkpt lat="45.830840" lon="6.089730">
						<ele>878</ele>
						<time>2025-03-18T18:20:18Z</time>
					</trkpt>
					<trkpt lat="45.830880" lon="6.089770">
						<ele>879</ele>
						<time>2025-03-18T18:20:19Z</time>
					</trkpt>
					<trkpt lat="45.831000" lon="6.089930">
						<ele>880</ele>
						<time>2025-03-18T18:20:22Z</time>
					</trkpt>
					<trkpt lat="45.831260" lon="6.090330">
						<ele>884</ele>
						<time>2025-03-18T18:20:29Z</time>
					</trkpt>
					<trkpt lat="45.831310" lon="6.090440">
						<ele>885</ele>
						<time>2025-03-18T18:20:30Z</time>
					</trkpt>
					<trkpt lat="45.831350" lon="6.090540">
						<ele>887</ele>
						<time>2025-03-18T18:20:32Z</time>
					</trkpt>
					<trkpt lat="45.831360" lon="6.090680">
						<ele>889</ele>
						<time>2025-03-18T18:20:33Z</time>
					</trkpt>
					<trkpt lat="45.831370" lon="6.090910">
						<ele>893</ele>
						<time>2025-03-18T18:20:36Z</time>
					</trkpt>
					<trkpt lat="45.831390" lon="6.091020">
						<ele>894</ele>
						<time>2025-03-18T18:20:38Z</time>
					</trkpt>
					<trkpt lat="45.831430" lon="6.091100">
						<ele>895</ele>
						<time>2025-03-18T18:20:39Z</time>
					</trkpt>
					<trkpt lat="45.831520" lon="6.091170">
						<ele>895</ele>
						<time>2025-03-18T18:20:41Z</time>
					</trkpt>
					<trkpt lat="45.831570" lon="6.091230">
						<ele>895</ele>
						<time>2025-03-18T18:20:42Z</time>
					</trkpt>
					<trkpt lat="45.831600" lon="6.091300">
						<ele>896</ele>
						<time>2025-03-18T18:20:43Z</time>
					</trkpt>
					<trkpt lat="45.831610" lon="6.091390">
						<ele>897</ele>
						<time>2025-03-18T18:20:44Z</time>
					</trkpt>
					<trkpt lat="45.831580" lon="6.091690">
						<ele>902</ele>
						<time>2025-03-18T18:20:48Z</time>
					</trkpt>
					<trkpt lat="45.831600" lon="6.091770">
						<ele>903</ele>
						<time>2025-03-18T18:20:49Z</time>
					</trkpt>
					<trkpt lat="45.831650" lon="6.091850">
						<ele>904</ele>
						<time>2025-03-18T18:20:50Z</time>
					</trkpt>
					<trkpt lat="45.831740" lon="6.091960">
						<ele>905</ele>
						<time>2025-03-18T18:20:52Z</time>
					</trkpt>
					<trkpt lat="45.831840" lon="6.092100">
						<ele>906</ele>
						<time>2025-03-18T18:20:55Z</time>
					</trkpt>
					<trkpt lat="45.831900" lon="6.092200">
						<ele>907</ele>
						<time>2025-03-18T18:20:56Z</time>
					</trkpt>
					<trkpt lat="45.831910" lon="6.092240">
						<ele>908</ele>
						<time>2025-03-18T18:20:57Z</time>
					</trkpt>
					<trkpt lat="45.832010" lon="6.092450">
						<ele>910</ele>
						<time>2025-03-18T18:21:00Z</time>
					</trkpt>
					<trkpt lat="45.832050" lon="6.092590">
						<ele>912</ele>
						<time>2025-03-18T18:21:02Z</time>
					</trkpt>
					<trkpt lat="45.832040" lon="6.092750">
						<ele>914</ele>
						<time>2025-03-18T18:21:04Z</time>
					</trkpt>
					<trkpt lat="45.832020" lon="6.092820">
						<ele>916</ele>
						<time>2025-03-18T18:21:05Z</time>
					</trkpt>
					<trkpt lat="45.831980" lon="6.092930">
						<ele>918</ele>
						<time>2025-03-18T18:21:06Z</time>
					</trkpt>
					<trkpt lat="45.831900" lon="6.093050">
						<ele>921</ele>
						<time>2025-03-18T18:21:08Z</time>
					</trkpt>
					<trkpt lat="45.831860" lon="6.093180">
						<ele>924</ele>
						<time>2025-03-18T18:21:10Z</time>
					</trkpt>
					<trkpt lat="45.831850" lon="6.093290">
						<ele>926</ele>
						<time>2025-03-18T18:21:12Z</time>
					</trkpt>
					<trkpt lat="45.831860" lon="6.093380">
						<ele>927</ele>
						<time>2025-03-18T18:21:13Z</time>
					</trkpt>
					<trkpt lat="45.831910" lon="6.093450">
						<ele>928</ele>
						<time>2025-03-18T18:21:14Z</time>
					</trkpt>
					<trkpt lat="45.832070" lon="6.093630">
						<ele>928</ele>
						<time>2025-03-18T18:21:18Z</time>
					</trkpt>
					<trkpt lat="45.832140" lon="6.093730">
						<ele>929</ele>
						<time>2025-03-18T18:21:19Z</time>
					</trkpt>
					<trkpt lat="45.832190" lon="6.093830">
						<ele>930</ele>
						<time>2025-03-18T18:21:21Z</time>
					</trkpt>
					<trkpt lat="45.832280" lon="6.094200">
						<ele>935</ele>
						<time>2025-03-18T18:21:26Z</time>
					</trkpt>
					<trkpt lat="45.832320" lon="6.094290">
						<ele>936</ele>
						<time>2025-03-18T18:21:27Z</time>
					</trkpt>
					<trkpt lat="45.832560" lon="6.094610">
						<ele>939</ele>
						<time>2025-03-18T18:21:33Z</time>
					</trkpt>
					<trkpt lat="45.832700" lon="6.094780">
						<ele>940</ele>
						<time>2025-03-18T18:21:36Z</time>
					</trkpt>
					<trkpt lat="45.832840" lon="6.094890">
						<ele>941</ele>
						<time>2025-03-18T18:21:39Z</time>
					</trkpt>
					<trkpt lat="45.833050" lon="6.095020">
						<ele>941</ele>
						<time>2025-03-18T18:21:43Z</time>
					</trkpt>
					<trkpt lat="45.833130" lon="6.095080">
						<ele>942</ele>
						<time>2025-03-18T18:21:45Z</time>
					</trkpt>
					<trkpt lat="45.833230" lon="6.095170">
						<ele>943</ele>
						<time>2025-03-18T18:21:47Z</time>
					</trkpt>
					<trkpt lat="45.833450" lon="6.095450">
						<ele>946</ele>
						<time>2025-03-18T18:21:52Z</time>
					</trkpt>
					<trkpt lat="45.833640" lon="6.095620">
						<ele>949</ele>
						<time>2025-03-18T18:21:56Z</time>
					</trkpt>
					<trkpt lat="45.833800" lon="6.095730">
						<ele>951</ele>
						<time>2025-03-18T18:21:59Z</time>
					</trkpt>
					<trkpt lat="45.834120" lon="6.095880">
						<ele>952</ele>
						<time>2025-03-18T18:22:05Z</time>
					</trkpt>
					<trkpt lat="45.834430" lon="6.095990">
						<ele>955</ele>
						<time>2025-03-18T18:22:11Z</time>
					</trkpt>
					<trkpt lat="45.834540" lon="6.096040">
						<ele>956</ele>
						<time>2025-03-18T18:22:13Z</time>
					</trkpt>
					<trkpt lat="45.834610" lon="6.096090">
						<ele>958</ele>
						<time>2025-03-18T18:22:14Z</time>
					</trkpt>
					<trkpt lat="45.834680" lon="6.096150">
						<ele>959</ele>
						<time>2025-03-18T18:22:16Z</time>
					</trkpt>
					<trkpt lat="45.834800" lon="6.096280">
						<ele>962</ele>
						<time>2025-03-18T18:22:18Z</time>
					</trkpt>
					<trkpt lat="45.834870" lon="6.096320">
						<ele>963</ele>
						<time>2025-03-18T18:22:20Z</time>
					</trkpt>
					<trkpt lat="45.834960" lon="6.096370">
						<ele>964</ele>
						<time>2025-03-18T18:22:21Z</time>
					</trkpt>
					<trkpt lat="45.835270" lon="6.096440">
						<ele>964</ele>
						<time>2025-03-18T18:22:27Z</time>
					</trkpt>
					<trkpt lat="45.835410" lon="6.096480">
						<ele>965</ele>
						<time>2025-03-18T18:22:30Z</time>
					</trkpt>
					<trkpt lat="45.835470" lon="6.096520">
						<ele>965</ele>
						<time>2025-03-18T18:22:31Z</time>
					</trkpt>
					<trkpt lat="45.835520" lon="6.096570">
						<ele>966</ele>
						<time>2025-03-18T18:22:32Z</time>
					</trkpt>
					<trkpt lat="45.835570" lon="6.096630">
						<ele>967</ele>
						<time>2025-03-18T18:22:33Z</time>
					</trkpt>
					<trkpt lat="45.835770" lon="6.096990">
						<ele>974</ele>
						<time>2025-03-18T18:22:39Z</time>
					</trkpt>
					<trkpt lat="45.835830" lon="6.097080">
						<ele>975</ele>
						<time>2025-03-18T18:22:40Z</time>
					</trkpt>
					<trkpt lat="45.835900" lon="6.097170">
						<ele>977</ele>
						<time>2025-03-18T18:22:42Z</time>
					</trkpt>
					<trkpt lat="45.835980" lon="6.097230">
						<ele>978</ele>
						<time>2025-03-18T18:22:43Z</time>
					</trkpt>
					<trkpt lat="45.836190" lon="6.097400">
						<ele>981</ele>
						<time>2025-03-18T18:22:48Z</time>
					</trkpt>
					<trkpt lat="45.836410" lon="6.097620">
						<ele>985</ele>
						<time>2025-03-18T18:22:53Z</time>
					</trkpt>
					<trkpt lat="45.836460" lon="6.097660">
						<ele>985</ele>
						<time>2025-03-18T18:22:54Z</time>
					</trkpt>
					<trkpt lat="45.836530" lon="6.097690">
						<ele>986</ele>
						<time>2025-03-18T18:22:55Z</time>
					</trkpt>
					<trkpt lat="45.836670" lon="6.097710">
						<ele>986</ele>
						<time>2025-03-18T18:22:57Z</time>
					</trkpt>
					<trkpt lat="45.836820" lon="6.097690">
						<ele>987</ele>
						<time>2025-03-18T18:23:00Z</time>
					</trkpt>
					<trkpt lat="45.836930" lon="6.097660">
						<ele>988</ele>
						<time>2025-03-18T18:23:02Z</time>
					</trkpt>
					<trkpt lat="45.837090" lon="6.097600">
						<ele>988</ele>
						<time>2025-03-18T18:23:05Z</time>
					</trkpt>
					<trkpt lat="45.837290" lon="6.097490">
						<ele>989</ele>
						<time>2025-03-18T18:23:09Z</time>
					</trkpt>
					<trkpt lat="45.837380" lon="6.097470">
						<ele>989</ele>
						<time>2025-03-18T18:23:10Z</time>
					</trkpt>
					<trkpt lat="45.837420" lon="6.097490">
						<ele>990</ele>
						<time>2025-03-18T18:23:11Z</time>
					</trkpt>
					<trkpt lat="45.837710" lon="6.097690">
						<ele>995</ele>
						<time>2025-03-18T18:23:17Z</time>
					</trkpt>
					<trkpt lat="45.837800" lon="6.097730">
						<ele>996</ele>
						<time>2025-03-18T18:23:19Z</time>
					</trkpt>
					<trkpt lat="45.837880" lon="6.097780">
						<ele>998</ele>
						<time>2025-03-18T18:23:20Z</time>
					</trkpt>
					<trkpt lat="45.837920" lon="6.097870">
						<ele>999</ele>
						<time>2025-03-18T18:23:21Z</time>
					</trkpt>
					<trkpt lat="45.837930" lon="6.097910">
						<ele>1000</ele>
						<time>2025-03-18T18:23:22Z</time>
					</trkpt>
					<trkpt lat="45.837920" lon="6.098000">
						<ele>1001</ele>
						<time>2025-03-18T18:23:23Z</time>
					</trkpt>
					<trkpt lat="45.837910" lon="6.098050">
						<ele>1002</ele>
						<time>2025-03-18T18:23:24Z</time>
					</trkpt>
					<trkpt lat="45.837800" lon="6.098290">
						<ele>1005</ele>
						<time>2025-03-18T18:23:27Z</time>
					</trkpt>
					<trkpt lat="45.837750" lon="6.098460">
						<ele>1006</ele>
						<time>2025-03-18T18:23:30Z</time>
					</trkpt>
					<trkpt lat="45.837700" lon="6.098670">
						<ele>1007</ele>
						<time>2025-03-18T18:23:32Z</time>
					</trkpt>
					<trkpt lat="45.837650" lon="6.099100">
						<ele>1009</ele>
						<time>2025-03-18T18:23:38Z</time>
					</trkpt>
					<trkpt lat="45.837620" lon="6.099230">
						<ele>1010</ele>
						<time>2025-03-18T18:23:39Z</time>
					</trkpt>
					<trkpt lat="45.837600" lon="6.099290">
						<ele>1011</ele>
						<time>2025-03-18T18:23:40Z</time>
					</trkpt>
					<trkpt lat="45.837550" lon="6.099390">
						<ele>1011</ele>
						<time>2025-03-18T18:23:42Z</time>
					</trkpt>
					<trkpt lat="45.837450" lon="6.099510">
						<ele>1012</ele>
						<time>2025-03-18T18:23:44Z</time>
					</trkpt>
					<trkpt lat="45.837060" lon="6.099880">
						<ele>1016</ele>
						<time>2025-03-18T18:23:52Z</time>
					</trkpt>
					<trkpt lat="45.837020" lon="6.099980">
						<ele>1017</ele>
						<time>2025-03-18T18:23:54Z</time>
					</trkpt>
					<trkpt lat="45.837000" lon="6.100100">
						<ele>1018</ele>
						<time>2025-03-18T18:23:55Z</time>
					</trkpt>
					<trkpt lat="45.837000" lon="6.100170">
						<ele>1018</ele>
						<time>2025-03-18T18:23:56Z</time>
					</trkpt>
					<trkpt lat="45.837030" lon="6.100340">
						<ele>1020</ele>
						<time>2025-03-18T18:23:58Z</time>
					</trkpt>
					<trkpt lat="45.837120" lon="6.100640">
						<ele>1021</ele>
						<time>2025-03-18T18:24:02Z</time>
					</trkpt>
					<trkpt lat="45.837150" lon="6.100720">
						<ele>1022</ele>
						<time>2025-03-18T18:24:04Z</time>
					</trkpt>
					<trkpt lat="45.837240" lon="6.100890">
						<ele>1022</ele>
						<time>2025-03-18T18:24:06Z</time>
					</trkpt>
					<trkpt lat="45.837310" lon="6.101010">
						<ele>1023</ele>
						<time>2025-03-18T18:24:08Z</time>
					</trkpt>
					<trkpt lat="45.837490" lon="6.101250">
						<ele>1023</ele>
						<time>2025-03-18T18:24:13Z</time>
					</trkpt>
					<trkpt lat="45.837550" lon="6.101370">
						<ele>1023</ele>
						<time>2025-03-18T18:24:14Z</time>
					</trkpt>
					<trkpt lat="45.837560" lon="6.101450">
						<ele>1023</ele>
						<time>2025-03-18T18:24:15Z</time>
					</trkpt>
					<trkpt lat="45.837550" lon="6.101520">
						<ele>1024</ele>
						<time>2025-03-18T18:24:16Z</time>
					</trkpt>
					<trkpt lat="45.837450" lon="6.101930">
						<ele>1024</ele>
						<time>2025-03-18T18:24:22Z</time>
					</trkpt>
					<trkpt lat="45.837410" lon="6.102130">
						<ele>1025</ele>
						<time>2025-03-18T18:24:24Z</time>
					</trkpt>
					<trkpt lat="45.837350" lon="6.102290">
						<ele>1025</ele>
						<time>2025-03-18T18:24:26Z</time>
					</trkpt>
					<trkpt lat="45.837280" lon="6.102410">
						<ele>1026</ele>
						<time>2025-03-18T18:24:28Z</time>
					</trkpt>
					<trkpt lat="45.837190" lon="6.102550">
						<ele>1027</ele>
						<time>2025-03-18T18:24:31Z</time>
					</trkpt>
					<trkpt lat="45.837100" lon="6.102660">
						<ele>1027</ele>
						<time>2025-03-18T18:24:33Z</time>
					</trkpt>
					<trkpt lat="45.837000" lon="6.102780">
						<ele>1028</ele>
						<time>2025-03-18T18:24:35Z</time>
					</trkpt>
					<trkpt lat="45.836780" lon="6.102950">
						<ele>1029</ele>
						<time>2025-03-18T18:24:40Z</time>
					</trkpt>
					<trkpt lat="45.836550" lon="6.103060">
						<ele>1031</ele>
						<time>2025-03-18T18:24:44Z</time>
					</trkpt>
					<trkpt lat="45.836340" lon="6.103110">
						<ele>1033</ele>
						<time>2025-03-18T18:24:48Z</time>
					</trkpt>
					<trkpt lat="45.836300" lon="6.103140">
						<ele>1034</ele>
						<time>2025-03-18T18:24:49Z</time>
					</trkpt>
					<trkpt lat="45.836270" lon="6.103190">
						<ele>1034</ele>
						<time>2025-03-18T18:24:49Z</time>
					</trkpt>
					<trkpt lat="45.836250" lon="6.103250">
						<ele>1034</ele>
						<time>2025-03-18T18:24:50Z</time>
					</trkpt>
					<trkpt lat="45.836240" lon="6.103300">
						<ele>1034</ele>
						<time>2025-03-18T18:24:51Z</time>
					</trkpt>
					<trkpt lat="45.836240" lon="6.103360">
						<ele>1034</ele>
						<time>2025-03-18T18:24:52Z</time>
					</trkpt>
					<trkpt lat="45.836260" lon="6.103430">
						<ele>1034</ele>
						<time>2025-03-18T18:24:53Z</time>
					</trkpt>
					<trkpt lat="45.836390" lon="6.103760">
						<ele>1034</ele>
						<time>2025-03-18T18:24:57Z</time>
					</trkpt>
					<trkpt lat="45.836530" lon="6.104170">
						<ele>1032</ele>
						<time>2025-03-18T18:25:03Z</time>
					</trkpt>
					<trkpt lat="45.836650" lon="6.104450">
						<ele>1032</ele>
						<time>2025-03-18T18:25:07Z</time>
					</trkpt>
					<trkpt lat="45.836680" lon="6.104590">
						<ele>1033</ele>
						<time>2025-03-18T18:25:09Z</time>
					</trkpt>
					<trkpt lat="45.836660" lon="6.104650">
						<ele>1034</ele>
						<time>2025-03-18T18:25:10Z</time>
					</trkpt>
					<trkpt lat="45.836580" lon="6.104820">
						<ele>1038</ele>
						<time>2025-03-18T18:25:12Z</time>
					</trkpt>
					<trkpt lat="45.836670" lon="6.104910">
						<ele>1037</ele>
						<time>2025-03-18T18:25:14Z</time>
					</trkpt>
					<trkpt lat="45.836690" lon="6.104860">
						<ele>1036</ele>
						<time>2025-03-18T18:25:15Z</time>
					</trkpt>
					<trkpt lat="45.836700" lon="6.104820">
						<ele>1035</ele>
						<time>2025-03-18T18:25:15Z</time>
					</trkpt>
					<trkpt lat="45.836700" lon="6.104750">
						<ele>1034</ele>
						<time>2025-03-18T18:25:16Z</time>
					</trkpt>
					<trkpt lat="45.836700" lon="6.104700">
						<ele>1034</ele>
						<time>2025-03-18T18:25:17Z</time>
					</trkpt>
					<trkpt lat="45.836680" lon="6.104590">
						<ele>1033</ele>
						<time>2025-03-18T18:25:18Z</time>
					</trkpt>
					<trkpt lat="45.836660" lon="6.104650">
						<ele>1034</ele>
						<time>2025-03-18T18:25:19Z</time>
					</trkpt>
					<trkpt lat="45.836580" lon="6.104820">
						<ele>1038</ele>
						<time>2025-03-18T18:25:22Z</time>
					</trkpt>
					<trkpt lat="45.836550" lon="6.104790">
						<ele>1039</ele>
						<time>2025-03-18T18:25:22Z</time>
					</trkpt>
					<trkpt lat="45.836450" lon="6.104650">
						<ele>1040</ele>
						<time>2025-03-18T18:25:25Z</time>
					</trkpt>
					<trkpt lat="45.836170" lon="6.104140">
						<ele>1041</ele>
						<time>2025-03-18T18:25:33Z</time>
					</trkpt>
					<trkpt lat="45.835980" lon="6.103860">
						<ele>1043</ele>
						<time>2025-03-18T18:25:38Z</time>
					</trkpt>
					<trkpt lat="45.835830" lon="6.103690">
						<ele>1044</ele>
						<time>2025-03-18T18:25:41Z</time>
					</trkpt>
					<trkpt lat="45.835700" lon="6.103590">
						<ele>1045</ele>
						<time>2025-03-18T18:25:44Z</time>
					</trkpt>
					<trkpt lat="45.835530" lon="6.103500">
						<ele>1047</ele>
						<time>2025-03-18T18:25:47Z</time>
					</trkpt>
					<trkpt lat="45.835130" lon="6.103340">
						<ele>1052</ele>
						<time>2025-03-18T18:25:54Z</time>
					</trkpt>
					<trkpt lat="45.834790" lon="6.103240">
						<ele>1060</ele>
						<time>2025-03-18T18:26:00Z</time>
					</trkpt>
					<trkpt lat="45.834630" lon="6.103210">
						<ele>1064</ele>
						<time>2025-03-18T18:26:03Z</time>
					</trkpt>
					<trkpt lat="45.834500" lon="6.103140">
						<ele>1067</ele>
						<time>2025-03-18T18:26:06Z</time>
					</trkpt>
					<trkpt lat="45.834380" lon="6.103060">
						<ele>1069</ele>
						<time>2025-03-18T18:26:08Z</time>
					</trkpt>
					<trkpt lat="45.834230" lon="6.102940">
						<ele>1070</ele>
						<time>2025-03-18T18:26:11Z</time>
					</trkpt>
					<trkpt lat="45.833590" lon="6.102360">
						<ele>1074</ele>
						<time>2025-03-18T18:26:25Z</time>
					</trkpt>
					<trkpt lat="45.833320" lon="6.102070">
						<ele>1077</ele>
						<time>2025-03-18T18:26:31Z</time>
					</trkpt>
					<trkpt lat="45.832590" lon="6.101180">
						<ele>1083</ele>
						<time>2025-03-18T18:26:48Z</time>
					</trkpt>
					<trkpt lat="45.832460" lon="6.101030">
						<ele>1084</ele>
						<time>2025-03-18T18:26:51Z</time>
					</trkpt>
					<trkpt lat="45.832400" lon="6.100960">
						<ele>1084</ele>
						<time>2025-03-18T18:26:52Z</time>
					</trkpt>
					<trkpt lat="45.832270" lon="6.100740">
						<ele>1084</ele>
						<time>2025-03-18T18:26:56Z</time>
					</trkpt>
					<trkpt lat="45.832170" lon="6.100610">
						<ele>1085</ele>
						<time>2025-03-18T18:26:58Z</time>
					</trkpt>
					<trkpt lat="45.831970" lon="6.100440">
						<ele>1088</ele>
						<time>2025-03-18T18:27:02Z</time>
					</trkpt>
					<trkpt lat="45.831850" lon="6.100320">
						<ele>1090</ele>
						<time>2025-03-18T18:27:05Z</time>
					</trkpt>
					<trkpt lat="45.831740" lon="6.100200">
						<ele>1091</ele>
						<time>2025-03-18T18:27:07Z</time>
					</trkpt>
					<trkpt lat="45.831640" lon="6.100110">
						<ele>1093</ele>
						<time>2025-03-18T18:27:09Z</time>
					</trkpt>
					<trkpt lat="45.831540" lon="6.100050">
						<ele>1094</ele>
						<time>2025-03-18T18:27:11Z</time>
					</trkpt>
					<trkpt lat="45.831400" lon="6.099990">
						<ele>1096</ele>
						<time>2025-03-18T18:27:14Z</time>
					</trkpt>
					<trkpt lat="45.831300" lon="6.099940">
						<ele>1097</ele>
						<time>2025-03-18T18:27:16Z</time>
					</trkpt>
					<trkpt lat="45.831080" lon="6.099750">
						<ele>1097</ele>
						<time>2025-03-18T18:27:20Z</time>
					</trkpt>
					<trkpt lat="45.830970" lon="6.099690">
						<ele>1098</ele>
						<time>2025-03-18T18:27:22Z</time>
					</trkpt>
					<trkpt lat="45.830850" lon="6.099640">
						<ele>1099</ele>
						<time>2025-03-18T18:27:25Z</time>
					</trkpt>
					<trkpt lat="45.830570" lon="6.099570">
						<ele>1105</ele>
						<time>2025-03-18T18:27:30Z</time>
					</trkpt>
					<trkpt lat="45.830440" lon="6.099510">
						<ele>1107</ele>
						<time>2025-03-18T18:27:32Z</time>
					</trkpt>
					<trkpt lat="45.830350" lon="6.099490">
						<ele>1109</ele>
						<time>2025-03-18T18:27:34Z</time>
					</trkpt>
					<trkpt lat="45.830300" lon="6.099500">
						<ele>1110</ele>
						<time>2025-03-18T18:27:35Z</time>
					</trkpt>
					<trkpt lat="45.830270" lon="6.099530">
						<ele>1112</ele>
						<time>2025-03-18T18:27:35Z</time>
					</trkpt>
					<trkpt lat="45.830250" lon="6.099570">
						<ele>1113</ele>
						<time>2025-03-18T18:27:36Z</time>
					</trkpt>
					<trkpt lat="45.830240" lon="6.099630">
						<ele>1114</ele>
						<time>2025-03-18T18:27:37Z</time>
					</trkpt>
					<trkpt lat="45.830240" lon="6.099680">
						<ele>1115</ele>
						<time>2025-03-18T18:27:37Z</time>
					</trkpt>
					<trkpt lat="45.830260" lon="6.099720">
						<ele>1115</ele>
						<time>2025-03-18T18:27:38Z</time>
					</trkpt>
					<trkpt lat="45.830290" lon="6.099760">
						<ele>1115</ele>
						<time>2025-03-18T18:27:39Z</time>
					</trkpt>
					<trkpt lat="45.830370" lon="6.099790">
						<ele>1114</ele>
						<time>2025-03-18T18:27:40Z</time>
					</trkpt>
					<trkpt lat="45.830490" lon="6.099860">
						<ele>1112</ele>
						<time>2025-03-18T18:27:42Z</time>
					</trkpt>
					<trkpt lat="45.830570" lon="6.099920">
						<ele>1112</ele>
						<time>2025-03-18T18:27:44Z</time>
					</trkpt>
					<trkpt lat="45.830650" lon="6.100020">
						<ele>1112</ele>
						<time>2025-03-18T18:27:46Z</time>
					</trkpt>
					<trkpt lat="45.830710" lon="6.100110">
						<ele>1112</ele>
						<time>2025-03-18T18:27:47Z</time>
					</trkpt>
					<trkpt lat="45.830770" lon="6.100220">
						<ele>1113</ele>
						<time>2025-03-18T18:27:49Z</time>
					</trkpt>
					<trkpt lat="45.830830" lon="6.100410">
						<ele>1115</ele>
						<time>2025-03-18T18:27:52Z</time>
					</trkpt>
					<trkpt lat="45.830890" lon="6.100670">
						<ele>1119</ele>
						<time>2025-03-18T18:27:55Z</time>
					</trkpt>
					<trkpt lat="45.830930" lon="6.100980">
						<ele>1123</ele>
						<time>2025-03-18T18:27:59Z</time>
					</trkpt>
					<trkpt lat="45.830980" lon="6.101360">
						<ele>1127</ele>
						<time>2025-03-18T18:28:04Z</time>
					</trkpt>
					<trkpt lat="45.831010" lon="6.101560">
						<ele>1129</ele>
						<time>2025-03-18T18:28:06Z</time>
					</trkpt>
					<trkpt lat="45.831150" lon="6.102130">
						<ele>1135</ele>
						<time>2025-03-18T18:28:14Z</time>
					</trkpt>
					<trkpt lat="45.831300" lon="6.102460">
						<ele>1138</ele>
						<time>2025-03-18T18:28:19Z</time>
					</trkpt>
					<trkpt lat="45.831380" lon="6.102560">
						<ele>1138</ele>
						<time>2025-03-18T18:28:21Z</time>
					</trkpt>
					<trkpt lat="45.831440" lon="6.102600">
						<ele>1138</ele>
						<time>2025-03-18T18:28:22Z</time>
					</trkpt>
					<trkpt lat="45.831550" lon="6.102650">
						<ele>1137</ele>
						<time>2025-03-18T18:28:24Z</time>
					</trkpt>
					<trkpt lat="45.831590" lon="6.102680">
						<ele>1137</ele>
						<time>2025-03-18T18:28:25Z</time>
					</trkpt>
					<trkpt lat="45.831610" lon="6.102720">
						<ele>1137</ele>
						<time>2025-03-18T18:28:25Z</time>
					</trkpt>
					<trkpt lat="45.831610" lon="6.102800">
						<ele>1140</ele>
						<time>2025-03-18T18:28:26Z</time>
					</trkpt>
					<trkpt lat="45.831600" lon="6.102840">
						<ele>1141</ele>
						<time>2025-03-18T18:28:27Z</time>
					</trkpt>
					<trkpt lat="45.831570" lon="6.102870">
						<ele>1143</ele>
						<time>2025-03-18T18:28:27Z</time>
					</trkpt>
					<trkpt lat="45.831540" lon="6.102890">
						<ele>1144</ele>
						<time>2025-03-18T18:28:28Z</time>
					</trkpt>
					<trkpt lat="45.831470" lon="6.102880">
						<ele>1146</ele>
						<time>2025-03-18T18:28:29Z</time>
					</trkpt>
					<trkpt lat="45.831360" lon="6.102820">
						<ele>1147</ele>
						<time>2025-03-18T18:28:31Z</time>
					</trkpt>
					<trkpt lat="45.831010" lon="6.102590">
						<ele>1148</ele>
						<time>2025-03-18T18:28:38Z</time>
					</trkpt>
					<trkpt lat="45.830580" lon="6.102250">
						<ele>1153</ele>
						<time>2025-03-18T18:28:47Z</time>
					</trkpt>
					<trkpt lat="45.830500" lon="6.102160">
						<ele>1155</ele>
						<time>2025-03-18T18:28:49Z</time>
					</trkpt>
					<trkpt lat="45.830280" lon="6.101800">
						<ele>1155</ele>
						<time>2025-03-18T18:28:55Z</time>
					</trkpt>
					<trkpt lat="45.830210" lon="6.101710">
						<ele>1156</ele>
						<time>2025-03-18T18:28:56Z</time>
					</trkpt>
					<trkpt lat="45.830130" lon="6.101620">
						<ele>1157</ele>
						<time>2025-03-18T18:28:58Z</time>
					</trkpt>
					<trkpt lat="45.830020" lon="6.101550">
						<ele>1159</ele>
						<time>2025-03-18T18:29:00Z</time>
					</trkpt>
					<trkpt lat="45.829630" lon="6.101330">
						<ele>1165</ele>
						<time>2025-03-18T18:29:08Z</time>
					</trkpt>
					<trkpt lat="45.829410" lon="6.101220">
						<ele>1170</ele>
						<time>2025-03-18T18:29:12Z</time>
					</trkpt>
					<trkpt lat="45.829310" lon="6.101130">
						<ele>1172</ele>
						<time>2025-03-18T18:29:14Z</time>
					</trkpt>
					<trkpt lat="45.829250" lon="6.101060">
						<ele>1173</ele>
						<time>2025-03-18T18:29:15Z</time>
					</trkpt>
					<trkpt lat="45.829190" lon="6.100930">
						<ele>1173</ele>
						<time>2025-03-18T18:29:17Z</time>
					</trkpt>
					<trkpt lat="45.829120" lon="6.100800">
						<ele>1173</ele>
						<time>2025-03-18T18:29:19Z</time>
					</trkpt>
					<trkpt lat="45.828990" lon="6.100640">
						<ele>1174</ele>
						<time>2025-03-18T18:29:22Z</time>
					</trkpt>
					<trkpt lat="45.828900" lon="6.100550">
						<ele>1174</ele>
						<time>2025-03-18T18:29:24Z</time>
					</trkpt>
					<trkpt lat="45.828780" lon="6.100450">
						<ele>1176</ele>
						<time>2025-03-18T18:29:27Z</time>
					</trkpt>
					<trkpt lat="45.828440" lon="6.100250">
						<ele>1180</ele>
						<time>2025-03-18T18:29:33Z</time>
					</trkpt>
					<trkpt lat="45.828350" lon="6.100220">
						<ele>1181</ele>
						<time>2025-03-18T18:29:35Z</time>
					</trkpt>
					<trkpt lat="45.828210" lon="6.100200">
						<ele>1184</ele>
						<time>2025-03-18T18:29:38Z</time>
					</trkpt>
					<trkpt lat="45.827960" lon="6.100230">
						<ele>1189</ele>
						<time>2025-03-18T18:29:42Z</time>
					</trkpt>
					<trkpt lat="45.827800" lon="6.100220">
						<ele>1191</ele>
						<time>2025-03-18T18:29:45Z</time>
					</trkpt>
					<trkpt lat="45.827650" lon="6.100170">
						<ele>1193</ele>
						<time>2025-03-18T18:29:48Z</time>
					</trkpt>
					<trkpt lat="45.827490" lon="6.100070">
						<ele>1194</ele>
						<time>2025-03-18T18:29:51Z</time>
					</trkpt>
					<trkpt lat="45.826800" lon="6.099500">
						<ele>1199</ele>
						<time>2025-03-18T18:30:05Z</time>
					</trkpt>
					<trkpt lat="45.826630" lon="6.099390">
						<ele>1201</ele>
						<time>2025-03-18T18:30:08Z</time>
					</trkpt>
					<trkpt lat="45.826530" lon="6.099330">
						<ele>1201</ele>
						<time>2025-03-18T18:30:10Z</time>
					</trkpt>
					<trkpt lat="45.826270" lon="6.099290">
						<ele>1205</ele>
						<time>2025-03-18T18:30:15Z</time>
					</trkpt>
					<trkpt lat="45.826160" lon="6.099260">
						<ele>1207</ele>
						<time>2025-03-18T18:30:17Z</time>
					</trkpt>
					<trkpt lat="45.826050" lon="6.099210">
						<ele>1208</ele>
						<time>2025-03-18T18:30:19Z</time>
					</trkpt>
					<trkpt lat="45.825500" lon="6.098920">
						<ele>1212</ele>
						<time>2025-03-18T18:30:29Z</time>
					</trkpt>
					<trkpt lat="45.825360" lon="6.098810">
						<ele>1213</ele>
						<time>2025-03-18T18:30:32Z</time>
					</trkpt>
					<trkpt lat="45.825160" lon="6.098640">
						<ele>1214</ele>
						<time>2025-03-18T18:30:36Z</time>
					</trkpt>
					<trkpt lat="45.825030" lon="6.098530">
						<ele>1214</ele>
						<time>2025-03-18T18:30:39Z</time>
					</trkpt>
					<trkpt lat="45.824920" lon="6.098450">
						<ele>1215</ele>
						<time>2025-03-18T18:30:41Z</time>
					</trkpt>
					<trkpt lat="45.824470" lon="6.098350">
						<ele>1222</ele>
						<time>2025-03-18T18:30:49Z</time>
					</trkpt>
					<trkpt lat="45.824090" lon="6.098310">
						<ele>1229</ele>
						<time>2025-03-18T18:30:56Z</time>
					</trkpt>
					<trkpt lat="45.823590" lon="6.098250">
						<ele>1236</ele>
						<time>2025-03-18T18:31:05Z</time>
					</trkpt>
					<trkpt lat="45.823480" lon="6.098220">
						<ele>1237</ele>
						<time>2025-03-18T18:31:07Z</time>
					</trkpt>
					<trkpt lat="45.823370" lon="6.098170">
						<ele>1238</ele>
						<time>2025-03-18T18:31:09Z</time>
					</trkpt>
					<trkpt lat="45.823090" lon="6.097880">
						<ele>1235</ele>
						<time>2025-03-18T18:31:15Z</time>
					</trkpt>
					<trkpt lat="45.822950" lon="6.097800">
						<ele>1234</ele>
						<time>2025-03-18T18:31:18Z</time>
					</trkpt>
					<trkpt lat="45.822850" lon="6.097760">
						<ele>1234</ele>
						<time>2025-03-18T18:31:20Z</time>
					</trkpt>
					<trkpt lat="45.822720" lon="6.097760">
						<ele>1235</ele>
						<time>2025-03-18T18:31:22Z</time>
					</trkpt>
					<trkpt lat="45.822620" lon="6.097770">
						<ele>1236</ele>
						<time>2025-03-18T18:31:24Z</time>
					</trkpt>
					<trkpt lat="45.822490" lon="6.097800">
						<ele>1237</ele>
						<time>2025-03-18T18:31:26Z</time>
					</trkpt>
					<trkpt lat="45.822390" lon="6.097840">
						<ele>1238</ele>
						<time>2025-03-18T18:31:28Z</time>
					</trkpt>
					<trkpt lat="45.822300" lon="6.097900">
						<ele>1239</ele>
						<time>2025-03-18T18:31:30Z</time>
					</trkpt>
					<trkpt lat="45.821960" lon="6.098240">
						<ele>1246</ele>
						<time>2025-03-18T18:31:37Z</time>
					</trkpt>
					<trkpt lat="45.821760" lon="6.098610">
						<ele>1251</ele>
						<time>2025-03-18T18:31:43Z</time>
					</trkpt>
					<trkpt lat="45.821680" lon="6.098730">
						<ele>1253</ele>
						<time>2025-03-18T18:31:45Z</time>
					</trkpt>
					<trkpt lat="45.821620" lon="6.098770">
						<ele>1254</ele>
						<time>2025-03-18T18:31:46Z</time>
					</trkpt>
					<trkpt lat="45.821540" lon="6.098790">
						<ele>1254</ele>
						<time>2025-03-18T18:31:48Z</time>
					</trkpt>
					<trkpt lat="45.821400" lon="6.098790">
						<ele>1255</ele>
						<time>2025-03-18T18:31:50Z</time>
					</trkpt>
					<trkpt lat="45.821280" lon="6.098800">
						<ele>1255</ele>
						<time>2025-03-18T18:31:52Z</time>
					</trkpt>
					<trkpt lat="45.821170" lon="6.098840">
						<ele>1256</ele>
						<time>2025-03-18T18:31:54Z</time>
					</trkpt>
					<trkpt lat="45.821100" lon="6.098880">
						<ele>1256</ele>
						<time>2025-03-18T18:31:56Z</time>
					</trkpt>
					<trkpt lat="45.821010" lon="6.098970">
						<ele>1258</ele>
						<time>2025-03-18T18:31:57Z</time>
					</trkpt>
					<trkpt lat="45.820920" lon="6.099060">
						<ele>1259</ele>
						<time>2025-03-18T18:31:59Z</time>
					</trkpt>
					<trkpt lat="45.820830" lon="6.099120">
						<ele>1260</ele>
						<time>2025-03-18T18:32:01Z</time>
					</trkpt>
					<trkpt lat="45.820760" lon="6.099140">
						<ele>1262</ele>
						<time>2025-03-18T18:32:02Z</time>
					</trkpt>
					<trkpt lat="45.820680" lon="6.099120">
						<ele>1263</ele>
						<time>2025-03-18T18:32:04Z</time>
					</trkpt>
					<trkpt lat="45.820290" lon="6.098960">
						<ele>1266</ele>
						<time>2025-03-18T18:32:11Z</time>
					</trkpt>
					<trkpt lat="45.820150" lon="6.098940">
						<ele>1268</ele>
						<time>2025-03-18T18:32:14Z</time>
					</trkpt>
					<trkpt lat="45.819790" lon="6.098960">
						<ele>1274</ele>
						<time>2025-03-18T18:32:20Z</time>
					</trkpt>
					<trkpt lat="45.819680" lon="6.098930">
						<ele>1275</ele>
						<time>2025-03-18T18:32:22Z</time>
					</trkpt>
					<trkpt lat="45.819540" lon="6.098880">
						<ele>1277</ele>
						<time>2025-03-18T18:32:25Z</time>
					</trkpt>
					<trkpt lat="45.818610" lon="6.098400">
						<ele>1284</ele>
						<time>2025-03-18T18:32:42Z</time>
					</trkpt>
					<trkpt lat="45.818150" lon="6.098000">
						<ele>1286</ele>
						<time>2025-03-18T18:32:52Z</time>
					</trkpt>
					<trkpt lat="45.818100" lon="6.097960">
						<ele>1286</ele>
						<time>2025-03-18T18:32:53Z</time>
					</trkpt>
					<trkpt lat="45.818050" lon="6.097960">
						<ele>1288</ele>
						<time>2025-03-18T18:32:54Z</time>
					</trkpt>
					<trkpt lat="45.818020" lon="6.097970">
						<ele>1289</ele>
						<time>2025-03-18T18:32:54Z</time>
					</trkpt>
					<trkpt lat="45.817990" lon="6.098010">
						<ele>1291</ele>
						<time>2025-03-18T18:32:55Z</time>
					</trkpt>
					<trkpt lat="45.817980" lon="6.098070">
						<ele>1292</ele>
						<time>2025-03-18T18:32:56Z</time>
					</trkpt>
					<trkpt lat="45.817980" lon="6.098140">
						<ele>1294</ele>
						<time>2025-03-18T18:32:57Z</time>
					</trkpt>
					<trkpt lat="45.818020" lon="6.098220">
						<ele>1295</ele>
						<time>2025-03-18T18:32:58Z</time>
					</trkpt>
					<trkpt lat="45.818350" lon="6.098540">
						<ele>1293</ele>
						<time>2025-03-18T18:33:05Z</time>
					</trkpt>
					<trkpt lat="45.818490" lon="6.098740">
						<ele>1294</ele>
						<time>2025-03-18T18:33:08Z</time>
					</trkpt>
					<trkpt lat="45.818820" lon="6.099430">
						<ele>1303</ele>
						<time>2025-03-18T18:33:19Z</time>
					</trkpt>
					<trkpt lat="45.818890" lon="6.099550">
						<ele>1304</ele>
						<time>2025-03-18T18:33:21Z</time>
					</trkpt>
					<trkpt lat="45.819540" lon="6.100340">
						<ele>1306</ele>
						<time>2025-03-18T18:33:36Z</time>
					</trkpt>
					<trkpt lat="45.819630" lon="6.100470">
						<ele>1306</ele>
						<time>2025-03-18T18:33:38Z</time>
					</trkpt>
					<trkpt lat="45.819690" lon="6.100600">
						<ele>1308</ele>
						<time>2025-03-18T18:33:40Z</time>
					</trkpt>
					<trkpt lat="45.819730" lon="6.100750">
						<ele>1310</ele>
						<time>2025-03-18T18:33:42Z</time>
					</trkpt>
					<trkpt lat="45.819750" lon="6.100890">
						<ele>1312</ele>
						<time>2025-03-18T18:33:44Z</time>
					</trkpt>
					<trkpt lat="45.819750" lon="6.101040">
						<ele>1314</ele>
						<time>2025-03-18T18:33:46Z</time>
					</trkpt>
					<trkpt lat="45.819720" lon="6.101260">
						<ele>1318</ele>
						<time>2025-03-18T18:33:48Z</time>
					</trkpt>
					<trkpt lat="45.819720" lon="6.101490">
						<ele>1321</ele>
						<time>2025-03-18T18:33:51Z</time>
					</trkpt>
					<trkpt lat="45.819730" lon="6.101650">
						<ele>1323</ele>
						<time>2025-03-18T18:33:53Z</time>
					</trkpt>
					<trkpt lat="45.819770" lon="6.101770">
						<ele>1324</ele>
						<time>2025-03-18T18:33:55Z</time>
					</trkpt>
					<trkpt lat="45.819920" lon="6.102100">
						<ele>1326</ele>
						<time>2025-03-18T18:34:00Z</time>
					</trkpt>
					<trkpt lat="45.820230" lon="6.102940">
						<ele>1334</ele>
						<time>2025-03-18T18:34:12Z</time>
					</trkpt>
					<trkpt lat="45.820350" lon="6.103290">
						<ele>1336</ele>
						<time>2025-03-18T18:34:16Z</time>
					</trkpt>
					<trkpt lat="45.820430" lon="6.103480">
						<ele>1337</ele>
						<time>2025-03-18T18:34:19Z</time>
					</trkpt>
					<trkpt lat="45.820740" lon="6.103970">
						<ele>1336</ele>
						<time>2025-03-18T18:34:27Z</time>
					</trkpt>
					<trkpt lat="45.820770" lon="6.104060">
						<ele>1336</ele>
						<time>2025-03-18T18:34:29Z</time>
					</trkpt>
					<trkpt lat="45.820790" lon="6.104120">
						<ele>1336</ele>
						<time>2025-03-18T18:34:30Z</time>
					</trkpt>
					<trkpt lat="45.820790" lon="6.104170">
						<ele>1336</ele>
						<time>2025-03-18T18:34:30Z</time>
					</trkpt>
					<trkpt lat="45.820760" lon="6.104260">
						<ele>1338</ele>
						<time>2025-03-18T18:34:31Z</time>
					</trkpt>
					<trkpt lat="45.820740" lon="6.104290">
						<ele>1338</ele>
						<time>2025-03-18T18:34:32Z</time>
					</trkpt>
					<trkpt lat="45.820710" lon="6.104330">
						<ele>1339</ele>
						<time>2025-03-18T18:34:33Z</time>
					</trkpt>
					<trkpt lat="45.820670" lon="6.104330">
						<ele>1340</ele>
						<time>2025-03-18T18:34:33Z</time>
					</trkpt>
					<trkpt lat="45.820560" lon="6.104270">
						<ele>1341</ele>
						<time>2025-03-18T18:34:35Z</time>
					</trkpt>
					<trkpt lat="45.820170" lon="6.103800">
						<ele>1344</ele>
						<time>2025-03-18T18:34:44Z</time>
					</trkpt>
					<trkpt lat="45.820110" lon="6.103740">
						<ele>1345</ele>
						<time>2025-03-18T18:34:46Z</time>
					</trkpt>
					<trkpt lat="45.820030" lon="6.103690">
						<ele>1345</ele>
						<time>2025-03-18T18:34:47Z</time>
					</trkpt>
					<trkpt lat="45.819960" lon="6.103660">
						<ele>1346</ele>
						<time>2025-03-18T18:34:49Z</time>
					</trkpt>
					<trkpt lat="45.819870" lon="6.103660">
						<ele>1347</ele>
						<time>2025-03-18T18:34:50Z</time>
					</trkpt>
					<trkpt lat="45.819710" lon="6.103690">
						<ele>1349</ele>
						<time>2025-03-18T18:34:53Z</time>
					</trkpt>
					<trkpt lat="45.819640" lon="6.103750">
						<ele>1350</ele>
						<time>2025-03-18T18:34:55Z</time>
					</trkpt>
					<trkpt lat="45.819600" lon="6.103840">
						<ele>1351</ele>
						<time>2025-03-18T18:34:56Z</time>
					</trkpt>
					<trkpt lat="45.819570" lon="6.103980">
						<ele>1352</ele>
						<time>2025-03-18T18:34:58Z</time>
					</trkpt>
					<trkpt lat="45.819550" lon="6.104350">
						<ele>1357</ele>
						<time>2025-03-18T18:35:02Z</time>
					</trkpt>
					<trkpt lat="45.819530" lon="6.104440">
						<ele>1358</ele>
						<time>2025-03-18T18:35:03Z</time>
					</trkpt>
					<trkpt lat="45.819500" lon="6.104540">
						<ele>1359</ele>
						<time>2025-03-18T18:35:05Z</time>
					</trkpt>
					<trkpt lat="45.819460" lon="6.104590">
						<ele>1360</ele>
						<time>2025-03-18T18:35:06Z</time>
					</trkpt>
					<trkpt lat="45.819420" lon="6.104620">
						<ele>1361</ele>
						<time>2025-03-18T18:35:07Z</time>
					</trkpt>
					<trkpt lat="45.819330" lon="6.104660">
						<ele>1363</ele>
						<time>2025-03-18T18:35:08Z</time>
					</trkpt>
					<trkpt lat="45.819250" lon="6.104680">
						<ele>1364</ele>
						<time>2025-03-18T18:35:10Z</time>
					</trkpt>
					<trkpt lat="45.819190" lon="6.104680">
						<ele>1364</ele>
						<time>2025-03-18T18:35:11Z</time>
					</trkpt>
					<trkpt lat="45.819120" lon="6.104650">
						<ele>1365</ele>
						<time>2025-03-18T18:35:12Z</time>
					</trkpt>
					<trkpt lat="45.818940" lon="6.104510">
						<ele>1366</ele>
						<time>2025-03-18T18:35:16Z</time>
					</trkpt>
					<trkpt lat="45.818210" lon="6.103790">
						<ele>1370</ele>
						<time>2025-03-18T18:35:31Z</time>
					</trkpt>
					<trkpt lat="45.818000" lon="6.103550">
						<ele>1370</ele>
						<time>2025-03-18T18:35:36Z</time>
					</trkpt>
					<trkpt lat="45.817830" lon="6.103400">
						<ele>1371</ele>
						<time>2025-03-18T18:35:40Z</time>
					</trkpt>
					<trkpt lat="45.817750" lon="6.103360">
						<ele>1372</ele>
						<time>2025-03-18T18:35:41Z</time>
					</trkpt>
					<trkpt lat="45.817670" lon="6.103340">
						<ele>1372</ele>
						<time>2025-03-18T18:35:43Z</time>
					</trkpt>
					<trkpt lat="45.817500" lon="6.103350">
						<ele>1375</ele>
						<time>2025-03-18T18:35:46Z</time>
					</trkpt>
					<trkpt lat="45.817430" lon="6.103330">
						<ele>1378</ele>
						<time>2025-03-18T18:35:47Z</time>
					</trkpt>
					<trkpt lat="45.817370" lon="6.103280">
						<ele>1381</ele>
						<time>2025-03-18T18:35:48Z</time>
					</trkpt>
					<trkpt lat="45.817320" lon="6.103210">
						<ele>1382</ele>
						<time>2025-03-18T18:35:50Z</time>
					</trkpt>
					<trkpt lat="45.817280" lon="6.103110">
						<ele>1384</ele>
						<time>2025-03-18T18:35:51Z</time>
					</trkpt>
					<trkpt lat="45.817260" lon="6.102980">
						<ele>1384</ele>
						<time>2025-03-18T18:35:53Z</time>
					</trkpt>
					<trkpt lat="45.817250" lon="6.102700">
						<ele>1383</ele>
						<time>2025-03-18T18:35:56Z</time>
					</trkpt>
					<trkpt lat="45.817190" lon="6.102260">
						<ele>1383</ele>
						<time>2025-03-18T18:36:02Z</time>
					</trkpt>
					<trkpt lat="45.817130" lon="6.102040">
						<ele>1385</ele>
						<time>2025-03-18T18:36:05Z</time>
					</trkpt>
					<trkpt lat="45.817050" lon="6.101780">
						<ele>1387</ele>
						<time>2025-03-18T18:36:08Z</time>
					</trkpt>
					<trkpt lat="45.816880" lon="6.101360">
						<ele>1390</ele>
						<time>2025-03-18T18:36:14Z</time>
					</trkpt>
					<trkpt lat="45.816800" lon="6.101190">
						<ele>1391</ele>
						<time>2025-03-18T18:36:17Z</time>
					</trkpt>
					<trkpt lat="45.816700" lon="6.101050">
						<ele>1394</ele>
						<time>2025-03-18T18:36:19Z</time>
					</trkpt>
					<trkpt lat="45.816560" lon="6.100900">
						<ele>1395</ele>
						<time>2025-03-18T18:36:22Z</time>
					</trkpt>
					<trkpt lat="45.816410" lon="6.100790">
						<ele>1397</ele>
						<time>2025-03-18T18:36:25Z</time>
					</trkpt>
					<trkpt lat="45.816270" lon="6.100750">
						<ele>1399</ele>
						<time>2025-03-18T18:36:28Z</time>
					</trkpt>
					<trkpt lat="45.816020" lon="6.100700">
						<ele>1404</ele>
						<time>2025-03-18T18:36:32Z</time>
					</trkpt>
					<trkpt lat="45.815840" lon="6.100650">
						<ele>1407</ele>
						<time>2025-03-18T18:36:36Z</time>
					</trkpt>
					<trkpt lat="45.815720" lon="6.100590">
						<ele>1407</ele>
						<time>2025-03-18T18:36:38Z</time>
					</trkpt>
					<trkpt lat="45.815540" lon="6.100490">
						<ele>1407</ele>
						<time>2025-03-18T18:36:41Z</time>
					</trkpt>
					<trkpt lat="45.815420" lon="6.100430">
						<ele>1408</ele>
						<time>2025-03-18T18:36:43Z</time>
					</trkpt>
					<trkpt lat="45.815300" lon="6.100420">
						<ele>1409</ele>
						<time>2025-03-18T18:36:46Z</time>
					</trkpt>
					<trkpt lat="45.815200" lon="6.100460">
						<ele>1411</ele>
						<time>2025-03-18T18:36:47Z</time>
					</trkpt>
					<trkpt lat="45.815080" lon="6.100540">
						<ele>1413</ele>
						<time>2025-03-18T18:36:50Z</time>
					</trkpt>
					<trkpt lat="45.815000" lon="6.100600">
						<ele>1415</ele>
						<time>2025-03-18T18:36:51Z</time>
					</trkpt>
					<trkpt lat="45.814910" lon="6.100610">
						<ele>1417</ele>
						<time>2025-03-18T18:36:53Z</time>
					</trkpt>
					<trkpt lat="45.814790" lon="6.100610">
						<ele>1418</ele>
						<time>2025-03-18T18:36:55Z</time>
					</trkpt>
					<trkpt lat="45.814670" lon="6.100560">
						<ele>1419</ele>
						<time>2025-03-18T18:36:57Z</time>
					</trkpt>
					<trkpt lat="45.814380" lon="6.100420">
						<ele>1421</ele>
						<time>2025-03-18T18:37:03Z</time>
					</trkpt>
					<trkpt lat="45.814250" lon="6.100400">
						<ele>1423</ele>
						<time>2025-03-18T18:37:05Z</time>
					</trkpt>
					<trkpt lat="45.813990" lon="6.100440">
						<ele>1428</ele>
						<time>2025-03-18T18:37:10Z</time>
					</trkpt>
					<trkpt lat="45.813900" lon="6.100420">
						<ele>1429</ele>
						<time>2025-03-18T18:37:11Z</time>
					</trkpt>
					<trkpt lat="45.813810" lon="6.100380">
						<ele>1430</ele>
						<time>2025-03-18T18:37:13Z</time>
					</trkpt>
					<trkpt lat="45.813690" lon="6.100320">
						<ele>1432</ele>
						<time>2025-03-18T18:37:15Z</time>
					</trkpt>
					<trkpt lat="45.813590" lon="6.100250">
						<ele>1433</ele>
						<time>2025-03-18T18:37:17Z</time>
					</trkpt>
					<trkpt lat="45.813520" lon="6.100170">
						<ele>1433</ele>
						<time>2025-03-18T18:37:19Z</time>
					</trkpt>
					<trkpt lat="45.813170" lon="6.099470">
						<ele>1432</ele>
						<time>2025-03-18T18:37:30Z</time>
					</trkpt>
					<trkpt lat="45.813080" lon="6.099350">
						<ele>1433</ele>
						<time>2025-03-18T18:37:32Z</time>
					</trkpt>
					<trkpt lat="45.812860" lon="6.099120">
						<ele>1435</ele>
						<time>2025-03-18T18:37:37Z</time>
					</trkpt>
					<trkpt lat="45.812730" lon="6.099000">
						<ele>1436</ele>
						<time>2025-03-18T18:37:39Z</time>
					</trkpt>
					<trkpt lat="45.812640" lon="6.098970">
						<ele>1437</ele>
						<time>2025-03-18T18:37:41Z</time>
					</trkpt>
					<trkpt lat="45.812560" lon="6.098980">
						<ele>1439</ele>
						<time>2025-03-18T18:37:42Z</time>
					</trkpt>
					<trkpt lat="45.812380" lon="6.099040">
						<ele>1442</ele>
						<time>2025-03-18T18:37:46Z</time>
					</trkpt>
					<trkpt lat="45.812310" lon="6.099090">
						<ele>1443</ele>
						<time>2025-03-18T18:37:47Z</time>
					</trkpt>
					<trkpt lat="45.812190" lon="6.099140">
						<ele>1445</ele>
						<time>2025-03-18T18:37:49Z</time>
					</trkpt>
					<trkpt lat="45.812090" lon="6.099160">
						<ele>1446</ele>
						<time>2025-03-18T18:37:51Z</time>
					</trkpt>
					<trkpt lat="45.812000" lon="6.099160">
						<ele>1447</ele>
						<time>2025-03-18T18:37:53Z</time>
					</trkpt>
					<trkpt lat="45.811800" lon="6.099120">
						<ele>1449</ele>
						<time>2025-03-18T18:37:56Z</time>
					</trkpt>
					<trkpt lat="45.811700" lon="6.099140">
						<ele>1451</ele>
						<time>2025-03-18T18:37:58Z</time>
					</trkpt>
					<trkpt lat="45.811450" lon="6.099200">
						<ele>1454</ele>
						<time>2025-03-18T18:38:03Z</time>
					</trkpt>
					<trkpt lat="45.811390" lon="6.099190">
						<ele>1454</ele>
						<time>2025-03-18T18:38:04Z</time>
					</trkpt>
					<trkpt lat="45.811310" lon="6.099150">
						<ele>1455</ele>
						<time>2025-03-18T18:38:05Z</time>
					</trkpt>
					<trkpt lat="45.811240" lon="6.099090">
						<ele>1455</ele>
						<time>2025-03-18T18:38:07Z</time>
					</trkpt>
					<trkpt lat="45.811120" lon="6.098830">
						<ele>1455</ele>
						<time>2025-03-18T18:38:11Z</time>
					</trkpt>
					<trkpt lat="45.811040" lon="6.098740">
						<ele>1456</ele>
						<time>2025-03-18T18:38:12Z</time>
					</trkpt>
					<trkpt lat="45.810710" lon="6.098420">
						<ele>1457</ele>
						<time>2025-03-18T18:38:19Z</time>
					</trkpt>
					<trkpt lat="45.810620" lon="6.098370">
						<ele>1458</ele>
						<time>2025-03-18T18:38:21Z</time>
					</trkpt>
					<trkpt lat="45.810550" lon="6.098350">
						<ele>1458</ele>
						<time>2025-03-18T18:38:22Z</time>
					</trkpt>
					<trkpt lat="45.810110" lon="6.098350">
						<ele>1461</ele>
						<time>2025-03-18T18:38:30Z</time>
					</trkpt>
					<trkpt lat="45.810010" lon="6.098360">
						<ele>1462</ele>
						<time>2025-03-18T18:38:32Z</time>
					</trkpt>
					<trkpt lat="45.809850" lon="6.098430">
						<ele>1463</ele>
						<time>2025-03-18T18:38:35Z</time>
					</trkpt>
					<trkpt lat="45.809650" lon="6.098450">
						<ele>1464</ele>
						<time>2025-03-18T18:38:39Z</time>
					</trkpt>
					<trkpt lat="45.809530" lon="6.098480">
						<ele>1464</ele>
						<time>2025-03-18T18:38:41Z</time>
					</trkpt>
					<trkpt lat="45.809470" lon="6.098510">
						<ele>1465</ele>
						<time>2025-03-18T18:38:42Z</time>
					</trkpt>
					<trkpt lat="45.809420" lon="6.098560">
						<ele>1466</ele>
						<time>2025-03-18T18:38:43Z</time>
					</trkpt>
					<trkpt lat="45.809400" lon="6.098650">
						<ele>1467</ele>
						<time>2025-03-18T18:38:44Z</time>
					</trkpt>
					<trkpt lat="45.809400" lon="6.098750">
						<ele>1468</ele>
						<time>2025-03-18T18:38:45Z</time>
					</trkpt>
					<trkpt lat="45.809440" lon="6.098890">
						<ele>1470</ele>
						<time>2025-03-18T18:38:47Z</time>
					</trkpt>
					<trkpt lat="45.809650" lon="6.099350">
						<ele>1474</ele>
						<time>2025-03-18T18:38:54Z</time>
					</trkpt>
					<trkpt lat="45.809710" lon="6.099550">
						<ele>1476</ele>
						<time>2025-03-18T18:38:57Z</time>
					</trkpt>
					<trkpt lat="45.809740" lon="6.099690">
						<ele>1478</ele>
						<time>2025-03-18T18:38:59Z</time>
					</trkpt>
					<trkpt lat="45.809740" lon="6.099830">
						<ele>1479</ele>
						<time>2025-03-18T18:39:00Z</time>
					</trkpt>
					<trkpt lat="45.809730" lon="6.099950">
						<ele>1481</ele>
						<time>2025-03-18T18:39:02Z</time>
					</trkpt>
					<trkpt lat="45.809690" lon="6.100100">
						<ele>1482</ele>
						<time>2025-03-18T18:39:04Z</time>
					</trkpt>
					<trkpt lat="45.809630" lon="6.100230">
						<ele>1483</ele>
						<time>2025-03-18T18:39:06Z</time>
					</trkpt>
					<trkpt lat="45.809560" lon="6.100330">
						<ele>1483</ele>
						<time>2025-03-18T18:39:08Z</time>
					</trkpt>
					<trkpt lat="45.809490" lon="6.100400">
						<ele>1484</ele>
						<time>2025-03-18T18:39:09Z</time>
					</trkpt>
					<trkpt lat="45.808600" lon="6.101100">
						<ele>1492</ele>
						<time>2025-03-18T18:39:27Z</time>
					</trkpt>
					<trkpt lat="45.808450" lon="6.101230">
						<ele>1494</ele>
						<time>2025-03-18T18:39:30Z</time>
					</trkpt>
					<trkpt lat="45.808370" lon="6.101320">
						<ele>1494</ele>
						<time>2025-03-18T18:39:32Z</time>
					</trkpt>
					<trkpt lat="45.808270" lon="6.101470">
						<ele>1495</ele>
						<time>2025-03-18T18:39:35Z</time>
					</trkpt>
					<trkpt lat="45.808230" lon="6.101550">
						<ele>1495</ele>
						<time>2025-03-18T18:39:36Z</time>
					</trkpt>
					<trkpt lat="45.808210" lon="6.101650">
						<ele>1495</ele>
						<time>2025-03-18T18:39:37Z</time>
					</trkpt>
					<trkpt lat="45.808200" lon="6.101770">
						<ele>1496</ele>
						<time>2025-03-18T18:39:39Z</time>
					</trkpt>
					<trkpt lat="45.808200" lon="6.102190">
						<ele>1499</ele>
						<time>2025-03-18T18:39:44Z</time>
					</trkpt>
					<trkpt lat="45.808190" lon="6.102270">
						<ele>1499</ele>
						<time>2025-03-18T18:39:45Z</time>
					</trkpt>
					<trkpt lat="45.808160" lon="6.102360">
						<ele>1500</ele>
						<time>2025-03-18T18:39:46Z</time>
					</trkpt>
					<trkpt lat="45.808040" lon="6.102560">
						<ele>1502</ele>
						<time>2025-03-18T18:39:49Z</time>
					</trkpt>
					<trkpt lat="45.808010" lon="6.102610">
						<ele>1502</ele>
						<time>2025-03-18T18:39:50Z</time>
					</trkpt>
					<trkpt lat="45.807940" lon="6.102690">
						<ele>1503</ele>
						<time>2025-03-18T18:39:52Z</time>
					</trkpt>
					<trkpt lat="45.807860" lon="6.102730">
						<ele>1504</ele>
						<time>2025-03-18T18:39:53Z</time>
					</trkpt>
					<trkpt lat="45.807690" lon="6.102790">
						<ele>1505</ele>
						<time>2025-03-18T18:39:56Z</time>
					</trkpt>
					<trkpt lat="45.807600" lon="6.102860">
						<ele>1506</ele>
						<time>2025-03-18T18:39:58Z</time>
					</trkpt>
					<trkpt lat="45.807530" lon="6.102940">
						<ele>1507</ele>
						<time>2025-03-18T18:40:00Z</time>
					</trkpt>
					<trkpt lat="45.807400" lon="6.103100">
						<ele>1510</ele>
						<time>2025-03-18T18:40:03Z</time>
					</trkpt>
					<trkpt lat="45.807330" lon="6.103170">
						<ele>1511</ele>
						<time>2025-03-18T18:40:04Z</time>
					</trkpt>
					<trkpt lat="45.807220" lon="6.103240">
						<ele>1512</ele>
						<time>2025-03-18T18:40:07Z</time>
					</trkpt>
					<trkpt lat="45.807050" lon="6.103370">
						<ele>1513</ele>
						<time>2025-03-18T18:40:10Z</time>
					</trkpt>
					<trkpt lat="45.806920" lon="6.103490">
						<ele>1515</ele>
						<time>2025-03-18T18:40:13Z</time>
					</trkpt>
					<trkpt lat="45.806810" lon="6.103560">
						<ele>1516</ele>
						<time>2025-03-18T18:40:15Z</time>
					</trkpt>
					<trkpt lat="45.806260" lon="6.103840">
						<ele>1525</ele>
						<time>2025-03-18T18:40:25Z</time>
					</trkpt>
					<trkpt lat="45.806170" lon="6.103880">
						<ele>1526</ele>
						<time>2025-03-18T18:40:27Z</time>
					</trkpt>
					<trkpt lat="45.806070" lon="6.103890">
						<ele>1527</ele>
						<time>2025-03-18T18:40:29Z</time>
					</trkpt>
					<trkpt lat="45.805880" lon="6.103880">
						<ele>1528</ele>
						<time>2025-03-18T18:40:32Z</time>
					</trkpt>
					<trkpt lat="45.805280" lon="6.103920">
						<ele>1537</ele>
						<time>2025-03-18T18:40:43Z</time>
					</trkpt>
					<trkpt lat="45.805150" lon="6.103890">
						<ele>1538</ele>
						<time>2025-03-18T18:40:45Z</time>
					</trkpt>
					<trkpt lat="45.804870" lon="6.103730">
						<ele>1539</ele>
						<time>2025-03-18T18:40:50Z</time>
					</trkpt>
					<trkpt lat="45.804670" lon="6.103670">
						<ele>1542</ele>
						<time>2025-03-18T18:40:54Z</time>
					</trkpt>
					<trkpt lat="45.804420" lon="6.103540">
						<ele>1544</ele>
						<time>2025-03-18T18:40:59Z</time>
					</trkpt>
					<trkpt lat="45.804070" lon="6.103370">
						<ele>1547</ele>
						<time>2025-03-18T18:41:05Z</time>
					</trkpt>
					<trkpt lat="45.803760" lon="6.103270">
						<ele>1550</ele>
						<time>2025-03-18T18:41:11Z</time>
					</trkpt>
					<trkpt lat="45.803070" lon="6.103090">
						<ele>1558</ele>
						<time>2025-03-18T18:41:24Z</time>
					</trkpt>
					<trkpt lat="45.802570" lon="6.102930">
						<ele>1560</ele>
						<time>2025-03-18T18:41:33Z</time>
					</trkpt>
					<trkpt lat="45.802390" lon="6.102900">
						<ele>1560</ele>
						<time>2025-03-18T18:41:36Z</time>
					</trkpt>
					<trkpt lat="45.802290" lon="6.102930">
						<ele>1560</ele>
						<time>2025-03-18T18:41:38Z</time>
					</trkpt>
					<trkpt lat="45.802180" lon="6.102990">
						<ele>1560</ele>
						<time>2025-03-18T18:41:40Z</time>
					</trkpt>
					<trkpt lat="45.802060" lon="6.103110">
						<ele>1562</ele>
						<time>2025-03-18T18:41:42Z</time>
					</trkpt>
					<trkpt lat="45.801500" lon="6.103780">
						<ele>1571</ele>
						<time>2025-03-18T18:41:55Z</time>
					</trkpt>
					<trkpt lat="45.801200" lon="6.104190">
						<ele>1574</ele>
						<time>2025-03-18T18:42:03Z</time>
					</trkpt>
					<trkpt lat="45.801090" lon="6.104380">
						<ele>1574</ele>
						<time>2025-03-18T18:42:06Z</time>
					</trkpt>
					<trkpt lat="45.801050" lon="6.104490">
						<ele>1575</ele>
						<time>2025-03-18T18:42:07Z</time>
					</trkpt>
					<trkpt lat="45.801040" lon="6.104610">
						<ele>1576</ele>
						<time>2025-03-18T18:42:09Z</time>
					</trkpt>
					<trkpt lat="45.801040" lon="6.104980">
						<ele>1581</ele>
						<time>2025-03-18T18:42:13Z</time>
					</trkpt>
					<trkpt lat="45.800970" lon="6.105450">
						<ele>1583</ele>
						<time>2025-03-18T18:42:19Z</time>
					</trkpt>
					<trkpt lat="45.800910" lon="6.105800">
						<ele>1584</ele>
						<time>2025-03-18T18:42:24Z</time>
					</trkpt>
					<trkpt lat="45.800910" lon="6.105940">
						<ele>1586</ele>
						<time>2025-03-18T18:42:26Z</time>
					</trkpt>
					<trkpt lat="45.800920" lon="6.106070">
						<ele>1587</ele>
						<time>2025-03-18T18:42:27Z</time>
					</trkpt>
					<trkpt lat="45.800960" lon="6.106190">
						<ele>1589</ele>
						<time>2025-03-18T18:42:29Z</time>
					</trkpt>
					<trkpt lat="45.801030" lon="6.106330">
						<ele>1592</ele>
						<time>2025-03-18T18:42:31Z</time>
					</trkpt>
					<trkpt lat="45.801110" lon="6.106420">
						<ele>1594</ele>
						<time>2025-03-18T18:42:33Z</time>
					</trkpt>
					<trkpt lat="45.801340" lon="6.106620">
						<ele>1600</ele>
						<time>2025-03-18T18:42:38Z</time>
					</trkpt>
					<trkpt lat="45.801450" lon="6.106740">
						<ele>1602</ele>
						<time>2025-03-18T18:42:40Z</time>
					</trkpt>
					<trkpt lat="45.801530" lon="6.106880">
						<ele>1604</ele>
						<time>2025-03-18T18:42:42Z</time>
					</trkpt>
					<trkpt lat="45.801710" lon="6.107260">
						<ele>1605</ele>
						<time>2025-03-18T18:42:48Z</time>
					</trkpt>
					<trkpt lat="45.801920" lon="6.107760">
						<ele>1607</ele>
						<time>2025-03-18T18:42:55Z</time>
					</trkpt>
					<trkpt lat="45.802010" lon="6.108010">
						<ele>1608</ele>
						<time>2025-03-18T18:42:59Z</time>
					</trkpt>
					<trkpt lat="45.802100" lon="6.108280">
						<ele>1608</ele>
						<time>2025-03-18T18:43:02Z</time>
					</trkpt>
					<trkpt lat="45.802110" lon="6.108360">
						<ele>1608</ele>
						<time>2025-03-18T18:43:03Z</time>
					</trkpt>
					<trkpt lat="45.802120" lon="6.108470">
						<ele>1610</ele>
						<time>2025-03-18T18:43:05Z</time>
					</trkpt>
					<trkpt lat="45.802100" lon="6.108760">
						<ele>1613</ele>
						<time>2025-03-18T18:43:08Z</time>
					</trkpt>
					<trkpt lat="45.802080" lon="6.108890">
						<ele>1615</ele>
						<time>2025-03-18T18:43:10Z</time>
					</trkpt>
					<trkpt lat="45.802080" lon="6.108970">
						<ele>1616</ele>
						<time>2025-03-18T18:43:11Z</time>
					</trkpt>
					<trkpt lat="45.802090" lon="6.109040">
						<ele>1616</ele>
						<time>2025-03-18T18:43:12Z</time>
					</trkpt>
					<trkpt lat="45.802190" lon="6.109660">
						<ele>1619</ele>
						<time>2025-03-18T18:43:20Z</time>
					</trkpt>
					<trkpt lat="45.802220" lon="6.109800">
						<ele>1620</ele>
						<time>2025-03-18T18:43:22Z</time>
					</trkpt>
					<trkpt lat="45.802340" lon="6.110240">
						<ele>1618</ele>
						<time>2025-03-18T18:43:28Z</time>
					</trkpt>
					<trkpt lat="45.802350" lon="6.110340">
						<ele>1617</ele>
						<time>2025-03-18T18:43:29Z</time>
					</trkpt>
					<trkpt lat="45.802340" lon="6.110440">
						<ele>1617</ele>
						<time>2025-03-18T18:43:30Z</time>
					</trkpt>
					<trkpt lat="45.802310" lon="6.110540">
						<ele>1617</ele>
						<time>2025-03-18T18:43:31Z</time>
					</trkpt>
					<trkpt lat="45.802250" lon="6.110600">
						<ele>1618</ele>
						<time>2025-03-18T18:43:33Z</time>
					</trkpt>
					<trkpt lat="45.802200" lon="6.110610">
						<ele>1618</ele>
						<time>2025-03-18T18:43:34Z</time>
					</trkpt>
					<trkpt lat="45.802160" lon="6.110620">
						<ele>1618</ele>
						<time>2025-03-18T18:43:34Z</time>
					</trkpt>
					<trkpt lat="45.802100" lon="6.110600">
						<ele>1619</ele>
						<time>2025-03-18T18:43:35Z</time>
					</trkpt>
					<trkpt lat="45.802040" lon="6.110580">
						<ele>1620</ele>
						<time>2025-03-18T18:43:37Z</time>
					</trkpt>
					<trkpt lat="45.801990" lon="6.110540">
						<ele>1621</ele>
						<time>2025-03-18T18:43:38Z</time>
					</trkpt>
					<trkpt lat="45.801920" lon="6.110470">
						<ele>1623</ele>
						<time>2025-03-18T18:43:39Z</time>
					</trkpt>
					<trkpt lat="45.801610" lon="6.110210">
						<ele>1633</ele>
						<time>2025-03-18T18:43:45Z</time>
					</trkpt>
					<trkpt lat="45.801270" lon="6.109970">
						<ele>1637</ele>
						<time>2025-03-18T18:43:52Z</time>
					</trkpt>
					<trkpt lat="45.801160" lon="6.109870">
						<ele>1638</ele>
						<time>2025-03-18T18:43:55Z</time>
					</trkpt>
					<trkpt lat="45.800860" lon="6.109560">
						<ele>1642</ele>
						<time>2025-03-18T18:44:01Z</time>
					</trkpt>
					<trkpt lat="45.800790" lon="6.109510">
						<ele>1643</ele>
						<time>2025-03-18T18:44:02Z</time>
					</trkpt>
					<trkpt lat="45.800310" lon="6.109200">
						<ele>1649</ele>
						<time>2025-03-18T18:44:12Z</time>
					</trkpt>
					<trkpt lat="45.800210" lon="6.109130">
						<ele>1650</ele>
						<time>2025-03-18T18:44:14Z</time>
					</trkpt>
					<trkpt lat="45.800120" lon="6.109090">
						<ele>1651</ele>
						<time>2025-03-18T18:44:15Z</time>
					</trkpt>
					<trkpt lat="45.799890" lon="6.109010">
						<ele>1651</ele>
						<time>2025-03-18T18:44:20Z</time>
					</trkpt>
					<trkpt lat="45.799820" lon="6.108970">
						<ele>1650</ele>
						<time>2025-03-18T18:44:21Z</time>
					</trkpt>
					<trkpt lat="45.799760" lon="6.108920">
						<ele>1650</ele>
						<time>2025-03-18T18:44:22Z</time>
					</trkpt>
					<trkpt lat="45.799700" lon="6.108850">
						<ele>1650</ele>
						<time>2025-03-18T18:44:24Z</time>
					</trkpt>
					<trkpt lat="45.799630" lon="6.108750">
						<ele>1650</ele>
						<time>2025-03-18T18:44:25Z</time>
					</trkpt>
					<trkpt lat="45.799540" lon="6.108480">
						<ele>1652</ele>
						<time>2025-03-18T18:44:29Z</time>
					</trkpt>
					<trkpt lat="45.799360" lon="6.107850">
						<ele>1652</ele>
						<time>2025-03-18T18:44:38Z</time>
					</trkpt>
					<trkpt lat="45.799330" lon="6.107800">
						<ele>1652</ele>
						<time>2025-03-18T18:44:38Z</time>
					</trkpt>
					<trkpt lat="45.799300" lon="6.107700">
						<ele>1653</ele>
						<time>2025-03-18T18:44:40Z</time>
					</trkpt>
					<trkpt lat="45.799200" lon="6.107540">
						<ele>1655</ele>
						<time>2025-03-18T18:44:42Z</time>
					</trkpt>
					<trkpt lat="45.799040" lon="6.107390">
						<ele>1656</ele>
						<time>2025-03-18T18:44:46Z</time>
					</trkpt>
					<trkpt lat="45.798640" lon="6.107120">
						<ele>1659</ele>
						<time>2025-03-18T18:44:54Z</time>
					</trkpt>
					<trkpt lat="45.798510" lon="6.107070">
						<ele>1661</ele>
						<time>2025-03-18T18:44:56Z</time>
					</trkpt>
					<trkpt lat="45.798450" lon="6.107070">
						<ele>1662</ele>
						<time>2025-03-18T18:44:57Z</time>
					</trkpt>
					<trkpt lat="45.798380" lon="6.107090">
						<ele>1664</ele>
						<time>2025-03-18T18:44:58Z</time>
					</trkpt>
					<trkpt lat="45.798210" lon="6.107220">
						<ele>1664</ele>
						<time>2025-03-18T18:45:02Z</time>
					</trkpt>
					<trkpt lat="45.798170" lon="6.107240">
						<ele>1664</ele>
						<time>2025-03-18T18:45:03Z</time>
					</trkpt>
					<trkpt lat="45.798020" lon="6.107270">
						<ele>1664</ele>
						<time>2025-03-18T18:45:05Z</time>
					</trkpt>
					<trkpt lat="45.797830" lon="6.107240">
						<ele>1664</ele>
						<time>2025-03-18T18:45:09Z</time>
					</trkpt>
					<trkpt lat="45.797600" lon="6.107130">
						<ele>1666</ele>
						<time>2025-03-18T18:45:13Z</time>
					</trkpt>
					<trkpt lat="45.796840" lon="6.106600">
						<ele>1661</ele>
						<time>2025-03-18T18:45:28Z</time>
					</trkpt>
					<trkpt lat="45.796730" lon="6.106500">
						<ele>1661</ele>
						<time>2025-03-18T18:45:30Z</time>
					</trkpt>
					<trkpt lat="45.796620" lon="6.106360">
						<ele>1660</ele>
						<time>2025-03-18T18:45:33Z</time>
					</trkpt>
					<trkpt lat="45.796540" lon="6.106220">
						<ele>1658</ele>
						<time>2025-03-18T18:45:35Z</time>
					</trkpt>
					<trkpt lat="45.796350" lon="6.105690">
						<ele>1659</ele>
						<time>2025-03-18T18:45:43Z</time>
					</trkpt>
					<trkpt lat="45.796260" lon="6.105390">
						<ele>1660</ele>
						<time>2025-03-18T18:45:47Z</time>
					</trkpt>
					<trkpt lat="45.796190" lon="6.105210">
						<ele>1660</ele>
						<time>2025-03-18T18:45:49Z</time>
					</trkpt>
					<trkpt lat="45.796070" lon="6.104960">
						<ele>1659</ele>
						<time>2025-03-18T18:45:53Z</time>
					</trkpt>
					<trkpt lat="45.795980" lon="6.104710">
						<ele>1658</ele>
						<time>2025-03-18T18:45:56Z</time>
					</trkpt>
					<trkpt lat="45.795940" lon="6.104590">
						<ele>1657</ele>
						<time>2025-03-18T18:45:58Z</time>
					</trkpt>
					<trkpt lat="45.795850" lon="6.104170">
						<ele>1658</ele>
						<time>2025-03-18T18:46:04Z</time>
					</trkpt>
					<trkpt lat="45.795800" lon="6.104030">
						<ele>1657</ele>
						<time>2025-03-18T18:46:06Z</time>
					</trkpt>
					<trkpt lat="45.795720" lon="6.103820">
						<ele>1656</ele>
						<time>2025-03-18T18:46:08Z</time>
					</trkpt>
					<trkpt lat="45.795590" lon="6.103540">
						<ele>1655</ele>
						<time>2025-03-18T18:46:13Z</time>
					</trkpt>
					<trkpt lat="45.795520" lon="6.103420">
						<ele>1654</ele>
						<time>2025-03-18T18:46:15Z</time>
					</trkpt>
					<trkpt lat="45.795430" lon="6.103310">
						<ele>1653</ele>
						<time>2025-03-18T18:46:17Z</time>
					</trkpt>
					<trkpt lat="45.795360" lon="6.103250">
						<ele>1653</ele>
						<time>2025-03-18T18:46:18Z</time>
					</trkpt>
					<trkpt lat="45.795280" lon="6.103190">
						<ele>1652</ele>
						<time>2025-03-18T18:46:20Z</time>
					</trkpt>
					<trkpt lat="45.795120" lon="6.103080">
						<ele>1650</ele>
						<time>2025-03-18T18:46:23Z</time>
					</trkpt>
					<trkpt lat="45.794610" lon="6.102820">
						<ele>1647</ele>
						<time>2025-03-18T18:46:33Z</time>
					</trkpt>
					<trkpt lat="45.794540" lon="6.102780">
						<ele>1646</ele>
						<time>2025-03-18T18:46:34Z</time>
					</trkpt>
					<trkpt lat="45.794460" lon="6.102700">
						<ele>1646</ele>
						<time>2025-03-18T18:46:36Z</time>
					</trkpt>
					<trkpt lat="45.794210" lon="6.102410">
						<ele>1646</ele>
						<time>2025-03-18T18:46:41Z</time>
					</trkpt>
					<trkpt lat="45.794100" lon="6.102300">
						<ele>1645</ele>
						<time>2025-03-18T18:46:44Z</time>
					</trkpt>
					<trkpt lat="45.794020" lon="6.102260">
						<ele>1645</ele>
						<time>2025-03-18T18:46:45Z</time>
					</trkpt>
					<trkpt lat="45.793940" lon="6.102230">
						<ele>1644</ele>
						<time>2025-03-18T18:46:47Z</time>
					</trkpt>
					<trkpt lat="45.793860" lon="6.102210">
						<ele>1644</ele>
						<time>2025-03-18T18:46:48Z</time>
					</trkpt>
					<trkpt lat="45.793780" lon="6.102210">
						<ele>1643</ele>
						<time>2025-03-18T18:46:50Z</time>
					</trkpt>
					<trkpt lat="45.793610" lon="6.102240">
						<ele>1642</ele>
						<time>2025-03-18T18:46:53Z</time>
					</trkpt>
					<trkpt lat="45.793490" lon="6.102280">
						<ele>1641</ele>
						<time>2025-03-18T18:46:55Z</time>
					</trkpt>
					<trkpt lat="45.793380" lon="6.102300">
						<ele>1640</ele>
						<time>2025-03-18T18:46:57Z</time>
					</trkpt>
					<trkpt lat="45.793320" lon="6.102290">
						<ele>1640</ele>
						<time>2025-03-18T18:46:58Z</time>
					</trkpt>
					<trkpt lat="45.793150" lon="6.102240">
						<ele>1639</ele>
						<time>2025-03-18T18:47:01Z</time>
					</trkpt>
					<trkpt lat="45.792950" lon="6.102160">
						<ele>1638</ele>
						<time>2025-03-18T18:47:05Z</time>
					</trkpt>
					<trkpt lat="45.792620" lon="6.102040">
						<ele>1637</ele>
						<time>2025-03-18T18:47:11Z</time>
					</trkpt>
					<trkpt lat="45.792570" lon="6.102040">
						<ele>1636</ele>
						<time>2025-03-18T18:47:12Z</time>
					</trkpt>
					<trkpt lat="45.792540" lon="6.102050">
						<ele>1636</ele>
						<time>2025-03-18T18:47:12Z</time>
					</trkpt>
					<trkpt lat="45.792510" lon="6.102080">
						<ele>1636</ele>
						<time>2025-03-18T18:47:13Z</time>
					</trkpt>
					<trkpt lat="45.792480" lon="6.102130">
						<ele>1635</ele>
						<time>2025-03-18T18:47:14Z</time>
					</trkpt>
					<trkpt lat="45.792470" lon="6.102190">
						<ele>1634</ele>
						<time>2025-03-18T18:47:14Z</time>
					</trkpt>
					<trkpt lat="45.792480" lon="6.102250">
						<ele>1634</ele>
						<time>2025-03-18T18:47:15Z</time>
					</trkpt>
					<trkpt lat="45.792500" lon="6.102320">
						<ele>1634</ele>
						<time>2025-03-18T18:47:16Z</time>
					</trkpt>
					<trkpt lat="45.792520" lon="6.102380">
						<ele>1633</ele>
						<time>2025-03-18T18:47:17Z</time>
					</trkpt>
					<trkpt lat="45.792630" lon="6.102500">
						<ele>1633</ele>
						<time>2025-03-18T18:47:19Z</time>
					</trkpt>
					<trkpt lat="45.793550" lon="6.103370">
						<ele>1628</ele>
						<time>2025-03-18T18:47:39Z</time>
					</trkpt>
					<trkpt lat="45.793620" lon="6.103470">
						<ele>1627</ele>
						<time>2025-03-18T18:47:41Z</time>
					</trkpt>
					<trkpt lat="45.793680" lon="6.103570">
						<ele>1626</ele>
						<time>2025-03-18T18:47:42Z</time>
					</trkpt>
					<trkpt lat="45.793790" lon="6.103800">
						<ele>1623</ele>
						<time>2025-03-18T18:47:46Z</time>
					</trkpt>
					<trkpt lat="45.793840" lon="6.103890">
						<ele>1622</ele>
						<time>2025-03-18T18:47:47Z</time>
					</trkpt>
					<trkpt lat="45.793890" lon="6.103950">
						<ele>1622</ele>
						<time>2025-03-18T18:47:48Z</time>
					</trkpt>
					<trkpt lat="45.793990" lon="6.104040">
						<ele>1621</ele>
						<time>2025-03-18T18:47:51Z</time>
					</trkpt>
					<trkpt lat="45.794200" lon="6.104170">
						<ele>1621</ele>
						<time>2025-03-18T18:47:55Z</time>
					</trkpt>
					<trkpt lat="45.794260" lon="6.104230">
						<ele>1621</ele>
						<time>2025-03-18T18:47:56Z</time>
					</trkpt>
					<trkpt lat="45.794350" lon="6.104380">
						<ele>1620</ele>
						<time>2025-03-18T18:47:58Z</time>
					</trkpt>
					<trkpt lat="45.794600" lon="6.104890">
						<ele>1615</ele>
						<time>2025-03-18T18:48:06Z</time>
					</trkpt>
					<trkpt lat="45.794650" lon="6.105020">
						<ele>1613</ele>
						<time>2025-03-18T18:48:08Z</time>
					</trkpt>
					<trkpt lat="45.794820" lon="6.105620">
						<ele>1608</ele>
						<time>2025-03-18T18:48:16Z</time>
					</trkpt>
					<trkpt lat="45.794910" lon="6.105880">
						<ele>1606</ele>
						<time>2025-03-18T18:48:20Z</time>
					</trkpt>
					<trkpt lat="45.795220" lon="6.106640">
						<ele>1606</ele>
						<time>2025-03-18T18:48:30Z</time>
					</trkpt>
					<trkpt lat="45.795260" lon="6.106760">
						<ele>1606</ele>
						<time>2025-03-18T18:48:32Z</time>
					</trkpt>
					<trkpt lat="45.795290" lon="6.106880">
						<ele>1605</ele>
						<time>2025-03-18T18:48:34Z</time>
					</trkpt>
					<trkpt lat="45.795300" lon="6.107000">
						<ele>1604</ele>
						<time>2025-03-18T18:48:35Z</time>
					</trkpt>
					<trkpt lat="45.795300" lon="6.107110">
						<ele>1603</ele>
						<time>2025-03-18T18:48:37Z</time>
					</trkpt>
					<trkpt lat="45.795280" lon="6.107200">
						<ele>1601</ele>
						<time>2025-03-18T18:48:38Z</time>
					</trkpt>
					<trkpt lat="45.795250" lon="6.107290">
						<ele>1599</ele>
						<time>2025-03-18T18:48:39Z</time>
					</trkpt>
					<trkpt lat="45.795210" lon="6.107370">
						<ele>1597</ele>
						<time>2025-03-18T18:48:40Z</time>
					</trkpt>
					<trkpt lat="45.795160" lon="6.107430">
						<ele>1596</ele>
						<time>2025-03-18T18:48:41Z</time>
					</trkpt>
					<trkpt lat="45.795110" lon="6.107470">
						<ele>1594</ele>
						<time>2025-03-18T18:48:42Z</time>
					</trkpt>
					<trkpt lat="45.795000" lon="6.107530">
						<ele>1591</ele>
						<time>2025-03-18T18:48:44Z</time>
					</trkpt>
					<trkpt lat="45.794660" lon="6.107660">
						<ele>1587</ele>
						<time>2025-03-18T18:48:51Z</time>
					</trkpt>
					<trkpt lat="45.793860" lon="6.107980">
						<ele>1582</ele>
						<time>2025-03-18T18:49:06Z</time>
					</trkpt>
					<trkpt lat="45.793730" lon="6.108080">
						<ele>1582</ele>
						<time>2025-03-18T18:49:08Z</time>
					</trkpt>
					<trkpt lat="45.793680" lon="6.108140">
						<ele>1582</ele>
						<time>2025-03-18T18:49:09Z</time>
					</trkpt>
					<trkpt lat="45.793570" lon="6.108320">
						<ele>1581</ele>
						<time>2025-03-18T18:49:12Z</time>
					</trkpt>
					<trkpt lat="45.793460" lon="6.108550">
						<ele>1579</ele>
						<time>2025-03-18T18:49:16Z</time>
					</trkpt>
					<trkpt lat="45.793140" lon="6.109170">
						<ele>1575</ele>
						<time>2025-03-18T18:49:25Z</time>
					</trkpt>
					<trkpt lat="45.793060" lon="6.109400">
						<ele>1575</ele>
						<time>2025-03-18T18:49:28Z</time>
					</trkpt>
					<trkpt lat="45.793040" lon="6.109520">
						<ele>1575</ele>
						<time>2025-03-18T18:49:30Z</time>
					</trkpt>
					<trkpt lat="45.793000" lon="6.109940">
						<ele>1574</ele>
						<time>2025-03-18T18:49:35Z</time>
					</trkpt>
					<trkpt lat="45.792950" lon="6.110230">
						<ele>1574</ele>
						<time>2025-03-18T18:49:39Z</time>
					</trkpt>
					<trkpt lat="45.792950" lon="6.110340">
						<ele>1574</ele>
						<time>2025-03-18T18:49:40Z</time>
					</trkpt>
					<trkpt lat="45.792960" lon="6.110470">
						<ele>1573</ele>
						<time>2025-03-18T18:49:42Z</time>
					</trkpt>
					<trkpt lat="45.792980" lon="6.110590">
						<ele>1572</ele>
						<time>2025-03-18T18:49:44Z</time>
					</trkpt>
					<trkpt lat="45.793000" lon="6.110780">
						<ele>1571</ele>
						<time>2025-03-18T18:49:46Z</time>
					</trkpt>
					<trkpt lat="45.793010" lon="6.111170">
						<ele>1568</ele>
						<time>2025-03-18T18:49:51Z</time>
					</trkpt>
					<trkpt lat="45.793000" lon="6.111410">
						<ele>1566</ele>
						<time>2025-03-18T18:49:54Z</time>
					</trkpt>
					<trkpt lat="45.792990" lon="6.111480">
						<ele>1565</ele>
						<time>2025-03-18T18:49:55Z</time>
					</trkpt>
					<trkpt lat="45.792960" lon="6.111540">
						<ele>1565</ele>
						<time>2025-03-18T18:49:56Z</time>
					</trkpt>
					<trkpt lat="45.792890" lon="6.111630">
						<ele>1564</ele>
						<time>2025-03-18T18:49:57Z</time>
					</trkpt>
					<trkpt lat="45.792870" lon="6.111640">
						<ele>1564</ele>
						<time>2025-03-18T18:49:58Z</time>
					</trkpt>
					<trkpt lat="45.792850" lon="6.111660">
						<ele>1564</ele>
						<time>2025-03-18T18:49:58Z</time>
					</trkpt>
					<trkpt lat="45.792780" lon="6.111670">
						<ele>1564</ele>
						<time>2025-03-18T18:49:59Z</time>
					</trkpt>
					<trkpt lat="45.792640" lon="6.111680">
						<ele>1564</ele>
						<time>2025-03-18T18:50:02Z</time>
					</trkpt>
					<trkpt lat="45.792480" lon="6.111680">
						<ele>1563</ele>
						<time>2025-03-18T18:50:05Z</time>
					</trkpt>
					<trkpt lat="45.792360" lon="6.111620">
						<ele>1562</ele>
						<time>2025-03-18T18:50:07Z</time>
					</trkpt>
					<trkpt lat="45.792300" lon="6.111580">
						<ele>1562</ele>
						<time>2025-03-18T18:50:08Z</time>
					</trkpt>
					<trkpt lat="45.792140" lon="6.111400">
						<ele>1562</ele>
						<time>2025-03-18T18:50:12Z</time>
					</trkpt>
					<trkpt lat="45.791970" lon="6.111270">
						<ele>1563</ele>
						<time>2025-03-18T18:50:15Z</time>
					</trkpt>
					<trkpt lat="45.791890" lon="6.111230">
						<ele>1563</ele>
						<time>2025-03-18T18:50:17Z</time>
					</trkpt>
					<trkpt lat="45.791800" lon="6.111200">
						<ele>1562</ele>
						<time>2025-03-18T18:50:18Z</time>
					</trkpt>
					<trkpt lat="45.791320" lon="6.111120">
						<ele>1556</ele>
						<time>2025-03-18T18:50:27Z</time>
					</trkpt>
					<trkpt lat="45.791060" lon="6.111050">
						<ele>1553</ele>
						<time>2025-03-18T18:50:32Z</time>
					</trkpt>
					<trkpt lat="45.790950" lon="6.110980">
						<ele>1552</ele>
						<time>2025-03-18T18:50:34Z</time>
					</trkpt>
					<trkpt lat="45.790850" lon="6.110900">
						<ele>1551</ele>
						<time>2025-03-18T18:50:36Z</time>
					</trkpt>
					<trkpt lat="45.790620" lon="6.110790">
						<ele>1549</ele>
						<time>2025-03-18T18:50:40Z</time>
					</trkpt>
					<trkpt lat="45.790550" lon="6.110770">
						<ele>1548</ele>
						<time>2025-03-18T18:50:41Z</time>
					</trkpt>
					<trkpt lat="45.790390" lon="6.110790">
						<ele>1545</ele>
						<time>2025-03-18T18:50:44Z</time>
					</trkpt>
					<trkpt lat="45.790310" lon="6.110780">
						<ele>1544</ele>
						<time>2025-03-18T18:50:46Z</time>
					</trkpt>
					<trkpt lat="45.789980" lon="6.110720">
						<ele>1539</ele>
						<time>2025-03-18T18:50:52Z</time>
					</trkpt>
					<trkpt lat="45.789890" lon="6.110700">
						<ele>1538</ele>
						<time>2025-03-18T18:50:53Z</time>
					</trkpt>
					<trkpt lat="45.789810" lon="6.110660">
						<ele>1538</ele>
						<time>2025-03-18T18:50:55Z</time>
					</trkpt>
					<trkpt lat="45.789750" lon="6.110610">
						<ele>1538</ele>
						<time>2025-03-18T18:50:56Z</time>
					</trkpt>
					<trkpt lat="45.789480" lon="6.110370">
						<ele>1538</ele>
						<time>2025-03-18T18:51:02Z</time>
					</trkpt>
					<trkpt lat="45.789310" lon="6.110180">
						<ele>1538</ele>
						<time>2025-03-18T18:51:05Z</time>
					</trkpt>
					<trkpt lat="45.789250" lon="6.110150">
						<ele>1538</ele>
						<time>2025-03-18T18:51:06Z</time>
					</trkpt>
					<trkpt lat="45.789200" lon="6.110130">
						<ele>1537</ele>
						<time>2025-03-18T18:51:07Z</time>
					</trkpt>
					<trkpt lat="45.789120" lon="6.110140">
						<ele>1536</ele>
						<time>2025-03-18T18:51:09Z</time>
					</trkpt>
					<trkpt lat="45.789080" lon="6.110150">
						<ele>1535</ele>
						<time>2025-03-18T18:51:10Z</time>
					</trkpt>
					<trkpt lat="45.789030" lon="6.110180">
						<ele>1534</ele>
						<time>2025-03-18T18:51:11Z</time>
					</trkpt>
					<trkpt lat="45.788960" lon="6.110250">
						<ele>1533</ele>
						<time>2025-03-18T18:51:12Z</time>
					</trkpt>
					<trkpt lat="45.788860" lon="6.110410">
						<ele>1528</ele>
						<time>2025-03-18T18:51:15Z</time>
					</trkpt>
					<trkpt lat="45.788770" lon="6.110520">
						<ele>1525</ele>
						<time>2025-03-18T18:51:17Z</time>
					</trkpt>
					<trkpt lat="45.788720" lon="6.110550">
						<ele>1524</ele>
						<time>2025-03-18T18:51:18Z</time>
					</trkpt>
					<trkpt lat="45.788570" lon="6.110580">
						<ele>1523</ele>
						<time>2025-03-18T18:51:20Z</time>
					</trkpt>
					<trkpt lat="45.788490" lon="6.110610">
						<ele>1521</ele>
						<time>2025-03-18T18:51:22Z</time>
					</trkpt>
					<trkpt lat="45.788420" lon="6.110610">
						<ele>1521</ele>
						<time>2025-03-18T18:51:23Z</time>
					</trkpt>
					<trkpt lat="45.788200" lon="6.110590">
						<ele>1519</ele>
						<time>2025-03-18T18:51:27Z</time>
					</trkpt>
					<trkpt lat="45.788070" lon="6.110590">
						<ele>1518</ele>
						<time>2025-03-18T18:51:29Z</time>
					</trkpt>
					<trkpt lat="45.787810" lon="6.110620">
						<ele>1516</ele>
						<time>2025-03-18T18:51:34Z</time>
					</trkpt>
					<trkpt lat="45.787680" lon="6.110580">
						<ele>1516</ele>
						<time>2025-03-18T18:51:36Z</time>
					</trkpt>
					<trkpt lat="45.787630" lon="6.110540">
						<ele>1516</ele>
						<time>2025-03-18T18:51:37Z</time>
					</trkpt>
					<trkpt lat="45.787530" lon="6.110420">
						<ele>1518</ele>
						<time>2025-03-18T18:51:40Z</time>
					</trkpt>
					<trkpt lat="45.787480" lon="6.110410">
						<ele>1517</ele>
						<time>2025-03-18T18:51:41Z</time>
					</trkpt>
					<trkpt lat="45.787430" lon="6.110420">
						<ele>1517</ele>
						<time>2025-03-18T18:51:42Z</time>
					</trkpt>
					<trkpt lat="45.787210" lon="6.110500">
						<ele>1513</ele>
						<time>2025-03-18T18:51:46Z</time>
					</trkpt>
					<trkpt lat="45.787150" lon="6.110510">
						<ele>1512</ele>
						<time>2025-03-18T18:51:47Z</time>
					</trkpt>
					<trkpt lat="45.787080" lon="6.110500">
						<ele>1512</ele>
						<time>2025-03-18T18:51:48Z</time>
					</trkpt>
					<trkpt lat="45.786870" lon="6.110420">
						<ele>1511</ele>
						<time>2025-03-18T18:51:52Z</time>
					</trkpt>
					<trkpt lat="45.786810" lon="6.110410">
						<ele>1511</ele>
						<time>2025-03-18T18:51:53Z</time>
					</trkpt>
					<trkpt lat="45.786760" lon="6.110420">
						<ele>1510</ele>
						<time>2025-03-18T18:51:54Z</time>
					</trkpt>
					<trkpt lat="45.786680" lon="6.110460">
						<ele>1509</ele>
						<time>2025-03-18T18:51:55Z</time>
					</trkpt>
					<trkpt lat="45.786280" lon="6.110660">
						<ele>1503</ele>
						<time>2025-03-18T18:52:03Z</time>
					</trkpt>
					<trkpt lat="45.786150" lon="6.110710">
						<ele>1501</ele>
						<time>2025-03-18T18:52:05Z</time>
					</trkpt>
					<trkpt lat="45.785980" lon="6.110750">
						<ele>1500</ele>
						<time>2025-03-18T18:52:08Z</time>
					</trkpt>
					<trkpt lat="45.785540" lon="6.110800">
						<ele>1496</ele>
						<time>2025-03-18T18:52:16Z</time>
					</trkpt>
					<trkpt lat="45.785500" lon="6.110830">
						<ele>1495</ele>
						<time>2025-03-18T18:52:17Z</time>
					</trkpt>
					<trkpt lat="45.785460" lon="6.110870">
						<ele>1494</ele>
						<time>2025-03-18T18:52:18Z</time>
					</trkpt>
					<trkpt lat="45.785430" lon="6.110940">
						<ele>1494</ele>
						<time>2025-03-18T18:52:19Z</time>
					</trkpt>
					<trkpt lat="45.785420" lon="6.111010">
						<ele>1494</ele>
						<time>2025-03-18T18:52:20Z</time>
					</trkpt>
					<trkpt lat="45.785410" lon="6.111070">
						<ele>1494</ele>
						<time>2025-03-18T18:52:20Z</time>
					</trkpt>
					<trkpt lat="45.785430" lon="6.111150">
						<ele>1494</ele>
						<time>2025-03-18T18:52:22Z</time>
					</trkpt>
					<trkpt lat="45.785510" lon="6.111290">
						<ele>1494</ele>
						<time>2025-03-18T18:52:24Z</time>
					</trkpt>
					<trkpt lat="45.785700" lon="6.111490">
						<ele>1494</ele>
						<time>2025-03-18T18:52:28Z</time>
					</trkpt>
					<trkpt lat="45.785800" lon="6.111630">
						<ele>1494</ele>
						<time>2025-03-18T18:52:30Z</time>
					</trkpt>
					<trkpt lat="45.785850" lon="6.111710">
						<ele>1494</ele>
						<time>2025-03-18T18:52:32Z</time>
					</trkpt>
					<trkpt lat="45.785880" lon="6.111800">
						<ele>1493</ele>
						<time>2025-03-18T18:52:33Z</time>
					</trkpt>
					<trkpt lat="45.785900" lon="6.111890">
						<ele>1493</ele>
						<time>2025-03-18T18:52:34Z</time>
					</trkpt>
					<trkpt lat="45.785910" lon="6.111990">
						<ele>1492</ele>
						<time>2025-03-18T18:52:35Z</time>
					</trkpt>
					<trkpt lat="45.785910" lon="6.112100">
						<ele>1492</ele>
						<time>2025-03-18T18:52:37Z</time>
					</trkpt>
					<trkpt lat="45.785890" lon="6.112270">
						<ele>1491</ele>
						<time>2025-03-18T18:52:39Z</time>
					</trkpt>
					<trkpt lat="45.785770" lon="6.112920">
						<ele>1486</ele>
						<time>2025-03-18T18:52:47Z</time>
					</trkpt>
					<trkpt lat="45.785760" lon="6.113020">
						<ele>1485</ele>
						<time>2025-03-18T18:52:49Z</time>
					</trkpt>
					<trkpt lat="45.785760" lon="6.113120">
						<ele>1484</ele>
						<time>2025-03-18T18:52:50Z</time>
					</trkpt>
					<trkpt lat="45.785770" lon="6.113210">
						<ele>1483</ele>
						<time>2025-03-18T18:52:51Z</time>
					</trkpt>
					<trkpt lat="45.785800" lon="6.113280">
						<ele>1482</ele>
						<time>2025-03-18T18:52:52Z</time>
					</trkpt>
					<trkpt lat="45.785860" lon="6.113410">
						<ele>1481</ele>
						<time>2025-03-18T18:52:54Z</time>
					</trkpt>
					<trkpt lat="45.785880" lon="6.113480">
						<ele>1479</ele>
						<time>2025-03-18T18:52:55Z</time>
					</trkpt>
					<trkpt lat="45.785890" lon="6.113570">
						<ele>1478</ele>
						<time>2025-03-18T18:52:56Z</time>
					</trkpt>
					<trkpt lat="45.785880" lon="6.113640">
						<ele>1477</ele>
						<time>2025-03-18T18:52:57Z</time>
					</trkpt>
					<trkpt lat="45.785810" lon="6.113910">
						<ele>1472</ele>
						<time>2025-03-18T18:53:00Z</time>
					</trkpt>
					<trkpt lat="45.785800" lon="6.114000">
						<ele>1471</ele>
						<time>2025-03-18T18:53:02Z</time>
					</trkpt>
					<trkpt lat="45.785800" lon="6.114100">
						<ele>1469</ele>
						<time>2025-03-18T18:53:03Z</time>
					</trkpt>
					<trkpt lat="45.785810" lon="6.114380">
						<ele>1463</ele>
						<time>2025-03-18T18:53:06Z</time>
					</trkpt>
					<trkpt lat="45.785780" lon="6.114520">
						<ele>1460</ele>
						<time>2025-03-18T18:53:08Z</time>
					</trkpt>
					<trkpt lat="45.785750" lon="6.114570">
						<ele>1459</ele>
						<time>2025-03-18T18:53:09Z</time>
					</trkpt>
					<trkpt lat="45.785700" lon="6.114590">
						<ele>1458</ele>
						<time>2025-03-18T18:53:10Z</time>
					</trkpt>
					<trkpt lat="45.785660" lon="6.114600">
						<ele>1458</ele>
						<time>2025-03-18T18:53:11Z</time>
					</trkpt>
					<trkpt lat="45.785340" lon="6.114510">
						<ele>1457</ele>
						<time>2025-03-18T18:53:16Z</time>
					</trkpt>
					<trkpt lat="45.784920" lon="6.114470">
						<ele>1455</ele>
						<time>2025-03-18T18:53:24Z</time>
					</trkpt>
					<trkpt lat="45.784820" lon="6.114400">
						<ele>1455</ele>
						<time>2025-03-18T18:53:26Z</time>
					</trkpt>
					<trkpt lat="45.784700" lon="6.114230">
						<ele>1456</ele>
						<time>2025-03-18T18:53:29Z</time>
					</trkpt>
					<trkpt lat="45.784650" lon="6.114180">
						<ele>1456</ele>
						<time>2025-03-18T18:53:30Z</time>
					</trkpt>
					<trkpt lat="45.784600" lon="6.114140">
						<ele>1456</ele>
						<time>2025-03-18T18:53:31Z</time>
					</trkpt>
					<trkpt lat="45.784540" lon="6.114120">
						<ele>1456</ele>
						<time>2025-03-18T18:53:32Z</time>
					</trkpt>
					<trkpt lat="45.784440" lon="6.114120">
						<ele>1454</ele>
						<time>2025-03-18T18:53:34Z</time>
					</trkpt>
					<trkpt lat="45.784250" lon="6.114210">
						<ele>1450</ele>
						<time>2025-03-18T18:53:37Z</time>
					</trkpt>
					<trkpt lat="45.784190" lon="6.114230">
						<ele>1448</ele>
						<time>2025-03-18T18:53:38Z</time>
					</trkpt>
					<trkpt lat="45.784130" lon="6.114230">
						<ele>1447</ele>
						<time>2025-03-18T18:53:40Z</time>
					</trkpt>
					<trkpt lat="45.784070" lon="6.114230">
						<ele>1446</ele>
						<time>2025-03-18T18:53:41Z</time>
					</trkpt>
					<trkpt lat="45.783900" lon="6.114140">
						<ele>1445</ele>
						<time>2025-03-18T18:53:44Z</time>
					</trkpt>
					<trkpt lat="45.783730" lon="6.114040">
						<ele>1444</ele>
						<time>2025-03-18T18:53:47Z</time>
					</trkpt>
					<trkpt lat="45.783670" lon="6.113950">
						<ele>1445</ele>
						<time>2025-03-18T18:53:49Z</time>
					</trkpt>
					<trkpt lat="45.783630" lon="6.113880">
						<ele>1446</ele>
						<time>2025-03-18T18:53:50Z</time>
					</trkpt>
					<trkpt lat="45.783600" lon="6.113830">
						<ele>1447</ele>
						<time>2025-03-18T18:53:51Z</time>
					</trkpt>
					<trkpt lat="45.783530" lon="6.113790">
						<ele>1447</ele>
						<time>2025-03-18T18:53:52Z</time>
					</trkpt>
					<trkpt lat="45.783440" lon="6.113800">
						<ele>1446</ele>
						<time>2025-03-18T18:53:54Z</time>
					</trkpt>
					<trkpt lat="45.783320" lon="6.113850">
						<ele>1443</ele>
						<time>2025-03-18T18:53:56Z</time>
					</trkpt>
					<trkpt lat="45.783260" lon="6.113860">
						<ele>1442</ele>
						<time>2025-03-18T18:53:57Z</time>
					</trkpt>
					<trkpt lat="45.782950" lon="6.113850">
						<ele>1438</ele>
						<time>2025-03-18T18:54:02Z</time>
					</trkpt>
					<trkpt lat="45.782850" lon="6.113840">
						<ele>1437</ele>
						<time>2025-03-18T18:54:04Z</time>
					</trkpt>
					<trkpt lat="45.782650" lon="6.113780">
						<ele>1435</ele>
						<time>2025-03-18T18:54:08Z</time>
					</trkpt>
					<trkpt lat="45.782500" lon="6.113750">
						<ele>1434</ele>
						<time>2025-03-18T18:54:10Z</time>
					</trkpt>
					<trkpt lat="45.782370" lon="6.113780">
						<ele>1432</ele>
						<time>2025-03-18T18:54:13Z</time>
					</trkpt>
					<trkpt lat="45.782230" lon="6.113840">
						<ele>1429</ele>
						<time>2025-03-18T18:54:15Z</time>
					</trkpt>
					<trkpt lat="45.782060" lon="6.113900">
						<ele>1426</ele>
						<time>2025-03-18T18:54:18Z</time>
					</trkpt>
					<trkpt lat="45.781890" lon="6.113920">
						<ele>1424</ele>
						<time>2025-03-18T18:54:22Z</time>
					</trkpt>
					<trkpt lat="45.781830" lon="6.113910">
						<ele>1424</ele>
						<time>2025-03-18T18:54:23Z</time>
					</trkpt>
					<trkpt lat="45.781760" lon="6.113870">
						<ele>1423</ele>
						<time>2025-03-18T18:54:24Z</time>
					</trkpt>
					<trkpt lat="45.781730" lon="6.113810">
						<ele>1424</ele>
						<time>2025-03-18T18:54:25Z</time>
					</trkpt>
					<trkpt lat="45.781640" lon="6.113550">
						<ele>1425</ele>
						<time>2025-03-18T18:54:28Z</time>
					</trkpt>
					<trkpt lat="45.781570" lon="6.113330">
						<ele>1427</ele>
						<time>2025-03-18T18:54:31Z</time>
					</trkpt>
					<trkpt lat="45.781480" lon="6.112940">
						<ele>1430</ele>
						<time>2025-03-18T18:54:37Z</time>
					</trkpt>
					<trkpt lat="45.781430" lon="6.112790">
						<ele>1431</ele>
						<time>2025-03-18T18:54:39Z</time>
					</trkpt>
					<trkpt lat="45.781400" lon="6.112700">
						<ele>1432</ele>
						<time>2025-03-18T18:54:40Z</time>
					</trkpt>
					<trkpt lat="45.781350" lon="6.112640">
						<ele>1432</ele>
						<time>2025-03-18T18:54:41Z</time>
					</trkpt>
					<trkpt lat="45.781280" lon="6.112590">
						<ele>1432</ele>
						<time>2025-03-18T18:54:42Z</time>
					</trkpt>
					<trkpt lat="45.781210" lon="6.112560">
						<ele>1432</ele>
						<time>2025-03-18T18:54:44Z</time>
					</trkpt>
					<trkpt lat="45.781100" lon="6.112560">
						<ele>1431</ele>
						<time>2025-03-18T18:54:46Z</time>
					</trkpt>
					<trkpt lat="45.781040" lon="6.112580">
						<ele>1430</ele>
						<time>2025-03-18T18:54:47Z</time>
					</trkpt>
					<trkpt lat="45.781000" lon="6.112610">
						<ele>1429</ele>
						<time>2025-03-18T18:54:48Z</time>
					</trkpt>
					<trkpt lat="45.780960" lon="6.112670">
						<ele>1429</ele>
						<time>2025-03-18T18:54:49Z</time>
					</trkpt>
					<trkpt lat="45.780930" lon="6.112750">
						<ele>1428</ele>
						<time>2025-03-18T18:54:50Z</time>
					</trkpt>
					<trkpt lat="45.780900" lon="6.112880">
						<ele>1426</ele>
						<time>2025-03-18T18:54:51Z</time>
					</trkpt>
					<trkpt lat="45.780810" lon="6.113370">
						<ele>1421</ele>
						<time>2025-03-18T18:54:58Z</time>
					</trkpt>
					<trkpt lat="45.780780" lon="6.113450">
						<ele>1420</ele>
						<time>2025-03-18T18:54:59Z</time>
					</trkpt>
					<trkpt lat="45.780750" lon="6.113500">
						<ele>1419</ele>
						<time>2025-03-18T18:55:00Z</time>
					</trkpt>
					<trkpt lat="45.780710" lon="6.113550">
						<ele>1418</ele>
						<time>2025-03-18T18:55:01Z</time>
					</trkpt>
					<trkpt lat="45.780680" lon="6.113570">
						<ele>1418</ele>
						<time>2025-03-18T18:55:01Z</time>
					</trkpt>
					<trkpt lat="45.780630" lon="6.113580">
						<ele>1417</ele>
						<time>2025-03-18T18:55:02Z</time>
					</trkpt>
					<trkpt lat="45.780530" lon="6.113540">
						<ele>1417</ele>
						<time>2025-03-18T18:55:04Z</time>
					</trkpt>
					<trkpt lat="45.780320" lon="6.113400">
						<ele>1416</ele>
						<time>2025-03-18T18:55:08Z</time>
					</trkpt>
					<trkpt lat="45.779830" lon="6.113110">
						<ele>1412</ele>
						<time>2025-03-18T18:55:17Z</time>
					</trkpt>
					<trkpt lat="45.779770" lon="6.113060">
						<ele>1411</ele>
						<time>2025-03-18T18:55:19Z</time>
					</trkpt>
					<trkpt lat="45.779720" lon="6.113010">
						<ele>1411</ele>
						<time>2025-03-18T18:55:20Z</time>
					</trkpt>
					<trkpt lat="45.779690" lon="6.112960">
						<ele>1411</ele>
						<time>2025-03-18T18:55:21Z</time>
					</trkpt>
					<trkpt lat="45.779660" lon="6.112900">
						<ele>1411</ele>
						<time>2025-03-18T18:55:22Z</time>
					</trkpt>
					<trkpt lat="45.779650" lon="6.112820">
						<ele>1411</ele>
						<time>2025-03-18T18:55:23Z</time>
					</trkpt>
					<trkpt lat="45.779620" lon="6.112470">
						<ele>1413</ele>
						<time>2025-03-18T18:55:27Z</time>
					</trkpt>
					<trkpt lat="45.779600" lon="6.112340">
						<ele>1414</ele>
						<time>2025-03-18T18:55:29Z</time>
					</trkpt>
					<trkpt lat="45.779520" lon="6.111950">
						<ele>1415</ele>
						<time>2025-03-18T18:55:34Z</time>
					</trkpt>
					<trkpt lat="45.779490" lon="6.111730">
						<ele>1415</ele>
						<time>2025-03-18T18:55:36Z</time>
					</trkpt>
					<trkpt lat="45.779490" lon="6.111590">
						<ele>1415</ele>
						<time>2025-03-18T18:55:38Z</time>
					</trkpt>
					<trkpt lat="45.779510" lon="6.111400">
						<ele>1415</ele>
						<time>2025-03-18T18:55:41Z</time>
					</trkpt>
					<trkpt lat="45.779540" lon="6.111270">
						<ele>1415</ele>
						<time>2025-03-18T18:55:42Z</time>
					</trkpt>
					<trkpt lat="45.779620" lon="6.111140">
						<ele>1415</ele>
						<time>2025-03-18T18:55:44Z</time>
					</trkpt>
					<trkpt lat="45.779710" lon="6.110980">
						<ele>1416</ele>
						<time>2025-03-18T18:55:47Z</time>
					</trkpt>
					<trkpt lat="45.779750" lon="6.110910">
						<ele>1417</ele>
						<time>2025-03-18T18:55:48Z</time>
					</trkpt>
					<trkpt lat="45.779760" lon="6.110840">
						<ele>1416</ele>
						<time>2025-03-18T18:55:49Z</time>
					</trkpt>
					<trkpt lat="45.779780" lon="6.110770">
						<ele>1417</ele>
						<time>2025-03-18T18:55:50Z</time>
					</trkpt>
					<trkpt lat="45.779780" lon="6.110690">
						<ele>1417</ele>
						<time>2025-03-18T18:55:51Z</time>
					</trkpt>
					<trkpt lat="45.779770" lon="6.110620">
						<ele>1417</ele>
						<time>2025-03-18T18:55:52Z</time>
					</trkpt>
					<trkpt lat="45.779750" lon="6.110550">
						<ele>1416</ele>
						<time>2025-03-18T18:55:53Z</time>
					</trkpt>
					<trkpt lat="45.779720" lon="6.110490">
						<ele>1416</ele>
						<time>2025-03-18T18:55:54Z</time>
					</trkpt>
					<trkpt lat="45.779670" lon="6.110440">
						<ele>1415</ele>
						<time>2025-03-18T18:55:55Z</time>
					</trkpt>
					<trkpt lat="45.779570" lon="6.110380">
						<ele>1414</ele>
						<time>2025-03-18T18:55:57Z</time>
					</trkpt>
					<trkpt lat="45.779420" lon="6.110320">
						<ele>1412</ele>
						<time>2025-03-18T18:55:59Z</time>
					</trkpt>
					<trkpt lat="45.779190" lon="6.110270">
						<ele>1409</ele>
						<time>2025-03-18T18:56:04Z</time>
					</trkpt>
					<trkpt lat="45.779080" lon="6.110250">
						<ele>1410</ele>
						<time>2025-03-18T18:56:06Z</time>
					</trkpt>
					<trkpt lat="45.778830" lon="6.110260">
						<ele>1414</ele>
						<time>2025-03-18T18:56:10Z</time>
					</trkpt>
					<trkpt lat="45.778690" lon="6.110280">
						<ele>1416</ele>
						<time>2025-03-18T18:56:12Z</time>
					</trkpt>
					<trkpt lat="45.778620" lon="6.110310">
						<ele>1417</ele>
						<time>2025-03-18T18:56:14Z</time>
					</trkpt>
					<trkpt lat="45.778560" lon="6.110360">
						<ele>1417</ele>
						<time>2025-03-18T18:56:15Z</time>
					</trkpt>
					<trkpt lat="45.778300" lon="6.110600">
						<ele>1414</ele>
						<time>2025-03-18T18:56:20Z</time>
					</trkpt>
					<trkpt lat="45.778050" lon="6.110880">
						<ele>1410</ele>
						<time>2025-03-18T18:56:26Z</time>
					</trkpt>
					<trkpt lat="45.777990" lon="6.110940">
						<ele>1410</ele>
						<time>2025-03-18T18:56:27Z</time>
					</trkpt>
					<trkpt lat="45.777740" lon="6.111030">
						<ele>1410</ele>
						<time>2025-03-18T18:56:32Z</time>
					</trkpt>
					<trkpt lat="45.777650" lon="6.111080">
						<ele>1409</ele>
						<time>2025-03-18T18:56:34Z</time>
					</trkpt>
					<trkpt lat="45.777590" lon="6.111130">
						<ele>1409</ele>
						<time>2025-03-18T18:56:35Z</time>
					</trkpt>
					<trkpt lat="45.777520" lon="6.111200">
						<ele>1407</ele>
						<time>2025-03-18T18:56:36Z</time>
					</trkpt>
					<trkpt lat="45.777300" lon="6.111460">
						<ele>1400</ele>
						<time>2025-03-18T18:56:42Z</time>
					</trkpt>
					<trkpt lat="45.777130" lon="6.111690">
						<ele>1395</ele>
						<time>2025-03-18T18:56:46Z</time>
					</trkpt>
					<trkpt lat="45.777070" lon="6.111750">
						<ele>1394</ele>
						<time>2025-03-18T18:56:47Z</time>
					</trkpt>
					<trkpt lat="45.777000" lon="6.111790">
						<ele>1393</ele>
						<time>2025-03-18T18:56:48Z</time>
					</trkpt>
					<trkpt lat="45.776920" lon="6.111800">
						<ele>1393</ele>
						<time>2025-03-18T18:56:50Z</time>
					</trkpt>
					<trkpt lat="45.776820" lon="6.111770">
						<ele>1393</ele>
						<time>2025-03-18T18:56:52Z</time>
					</trkpt>
					<trkpt lat="45.776730" lon="6.111730">
						<ele>1393</ele>
						<time>2025-03-18T18:56:53Z</time>
					</trkpt>
					<trkpt lat="45.776160" lon="6.111430">
						<ele>1394</ele>
						<time>2025-03-18T18:57:04Z</time>
					</trkpt>
					<trkpt lat="45.775900" lon="6.111310">
						<ele>1394</ele>
						<time>2025-03-18T18:57:09Z</time>
					</trkpt>
					<trkpt lat="45.775790" lon="6.111280">
						<ele>1393</ele>
						<time>2025-03-18T18:57:11Z</time>
					</trkpt>
					<trkpt lat="45.775730" lon="6.111270">
						<ele>1393</ele>
						<time>2025-03-18T18:57:12Z</time>
					</trkpt>
					<trkpt lat="45.775450" lon="6.111280">
						<ele>1389</ele>
						<time>2025-03-18T18:57:17Z</time>
					</trkpt>
					<trkpt lat="45.775380" lon="6.111270">
						<ele>1388</ele>
						<time>2025-03-18T18:57:18Z</time>
					</trkpt>
					<trkpt lat="45.775280" lon="6.111210">
						<ele>1388</ele>
						<time>2025-03-18T18:57:20Z</time>
					</trkpt>
					<trkpt lat="45.775110" lon="6.111070">
						<ele>1389</ele>
						<time>2025-03-18T18:57:24Z</time>
					</trkpt>
					<trkpt lat="45.774910" lon="6.110960">
						<ele>1389</ele>
						<time>2025-03-18T18:57:27Z</time>
					</trkpt>
					<trkpt lat="45.774810" lon="6.110940">
						<ele>1388</ele>
						<time>2025-03-18T18:57:29Z</time>
					</trkpt>
					<trkpt lat="45.774670" lon="6.110940">
						<ele>1387</ele>
						<time>2025-03-18T18:57:32Z</time>
					</trkpt>
					<trkpt lat="45.774460" lon="6.110960">
						<ele>1385</ele>
						<time>2025-03-18T18:57:36Z</time>
					</trkpt>
					<trkpt lat="45.774350" lon="6.110950">
						<ele>1384</ele>
						<time>2025-03-18T18:57:37Z</time>
					</trkpt>
					<trkpt lat="45.774140" lon="6.110900">
						<ele>1383</ele>
						<time>2025-03-18T18:57:41Z</time>
					</trkpt>
					<trkpt lat="45.773540" lon="6.110810">
						<ele>1381</ele>
						<time>2025-03-18T18:57:52Z</time>
					</trkpt>
					<trkpt lat="45.773350" lon="6.110760">
						<ele>1381</ele>
						<time>2025-03-18T18:57:55Z</time>
					</trkpt>
					<trkpt lat="45.773150" lon="6.110690">
						<ele>1380</ele>
						<time>2025-03-18T18:57:59Z</time>
					</trkpt>
					<trkpt lat="45.772980" lon="6.110700">
						<ele>1378</ele>
						<time>2025-03-18T18:58:02Z</time>
					</trkpt>
					<trkpt lat="45.772830" lon="6.110760">
						<ele>1376</ele>
						<time>2025-03-18T18:58:05Z</time>
					</trkpt>
					<trkpt lat="45.772660" lon="6.110760">
						<ele>1374</ele>
						<time>2025-03-18T18:58:08Z</time>
					</trkpt>
					<trkpt lat="45.772380" lon="6.110720">
						<ele>1372</ele>
						<time>2025-03-18T18:58:13Z</time>
					</trkpt>
					<trkpt lat="45.771900" lon="6.110600">
						<ele>1370</ele>
						<time>2025-03-18T18:58:22Z</time>
					</trkpt>
					<trkpt lat="45.771620" lon="6.110550">
						<ele>1369</ele>
						<time>2025-03-18T18:58:27Z</time>
					</trkpt>
					<trkpt lat="45.771440" lon="6.110530">
						<ele>1368</ele>
						<time>2025-03-18T18:58:30Z</time>
					</trkpt>
					<trkpt lat="45.771200" lon="6.110500">
						<ele>1368</ele>
						<time>2025-03-18T18:58:34Z</time>
					</trkpt>
					<trkpt lat="45.770880" lon="6.110500">
						<ele>1367</ele>
						<time>2025-03-18T18:58:40Z</time>
					</trkpt>
					<trkpt lat="45.770390" lon="6.110420">
						<ele>1363</ele>
						<time>2025-03-18T18:58:49Z</time>
					</trkpt>
					<trkpt lat="45.770300" lon="6.110390">
						<ele>1363</ele>
						<time>2025-03-18T18:58:50Z</time>
					</trkpt>
					<trkpt lat="45.769890" lon="6.110180">
						<ele>1363</ele>
						<time>2025-03-18T18:58:58Z</time>
					</trkpt>
					<trkpt lat="45.769820" lon="6.110120">
						<ele>1363</ele>
						<time>2025-03-18T18:58:59Z</time>
					</trkpt>
					<trkpt lat="45.769610" lon="6.109850">
						<ele>1367</ele>
						<time>2025-03-18T18:59:04Z</time>
					</trkpt>
					<trkpt lat="45.769540" lon="6.109790">
						<ele>1367</ele>
						<time>2025-03-18T18:59:06Z</time>
					</trkpt>
					<trkpt lat="45.769450" lon="6.109740">
						<ele>1366</ele>
						<time>2025-03-18T18:59:08Z</time>
					</trkpt>
					<trkpt lat="45.768500" lon="6.109420">
						<ele>1358</ele>
						<time>2025-03-18T18:59:25Z</time>
					</trkpt>
					<trkpt lat="45.768350" lon="6.109390">
						<ele>1357</ele>
						<time>2025-03-18T18:59:28Z</time>
					</trkpt>
					<trkpt lat="45.768110" lon="6.109370">
						<ele>1354</ele>
						<time>2025-03-18T18:59:32Z</time>
					</trkpt>
					<trkpt lat="45.767950" lon="6.109310">
						<ele>1353</ele>
						<time>2025-03-18T18:59:35Z</time>
					</trkpt>
					<trkpt lat="45.767860" lon="6.109250">
						<ele>1353</ele>
						<time>2025-03-18T18:59:37Z</time>
					</trkpt>
					<trkpt lat="45.767760" lon="6.109160">
						<ele>1354</ele>
						<time>2025-03-18T18:59:39Z</time>
					</trkpt>
					<trkpt lat="45.767700" lon="6.109090">
						<ele>1354</ele>
						<time>2025-03-18T18:59:40Z</time>
					</trkpt>
					<trkpt lat="45.767650" lon="6.108990">
						<ele>1354</ele>
						<time>2025-03-18T18:59:42Z</time>
					</trkpt>
					<trkpt lat="45.767630" lon="6.108890">
						<ele>1354</ele>
						<time>2025-03-18T18:59:43Z</time>
					</trkpt>
					<trkpt lat="45.767570" lon="6.108480">
						<ele>1357</ele>
						<time>2025-03-18T18:59:48Z</time>
					</trkpt>
					<trkpt lat="45.767470" lon="6.108120">
						<ele>1358</ele>
						<time>2025-03-18T18:59:53Z</time>
					</trkpt>
					<trkpt lat="45.767430" lon="6.108020">
						<ele>1358</ele>
						<time>2025-03-18T18:59:54Z</time>
					</trkpt>
					<trkpt lat="45.767370" lon="6.107910">
						<ele>1358</ele>
						<time>2025-03-18T18:59:56Z</time>
					</trkpt>
					<trkpt lat="45.767290" lon="6.107830">
						<ele>1357</ele>
						<time>2025-03-18T18:59:58Z</time>
					</trkpt>
					<trkpt lat="45.766990" lon="6.107630">
						<ele>1353</ele>
						<time>2025-03-18T19:00:04Z</time>
					</trkpt>
					<trkpt lat="45.766950" lon="6.107600">
						<ele>1353</ele>
						<time>2025-03-18T19:00:05Z</time>
					</trkpt>
					<trkpt lat="45.766910" lon="6.107530">
						<ele>1353</ele>
						<time>2025-03-18T19:00:06Z</time>
					</trkpt>
					<trkpt lat="45.766870" lon="6.107430">
						<ele>1353</ele>
						<time>2025-03-18T19:00:07Z</time>
					</trkpt>
					<trkpt lat="45.766810" lon="6.107160">
						<ele>1356</ele>
						<time>2025-03-18T19:00:11Z</time>
					</trkpt>
					<trkpt lat="45.766770" lon="6.107050">
						<ele>1357</ele>
						<time>2025-03-18T19:00:12Z</time>
					</trkpt>
					<trkpt lat="45.766710" lon="6.106960">
						<ele>1357</ele>
						<time>2025-03-18T19:00:14Z</time>
					</trkpt>
					<trkpt lat="45.766620" lon="6.106890">
						<ele>1357</ele>
						<time>2025-03-18T19:00:16Z</time>
					</trkpt>
					<trkpt lat="45.766360" lon="6.106750">
						<ele>1356</ele>
						<time>2025-03-18T19:00:20Z</time>
					</trkpt>
					<trkpt lat="45.766250" lon="6.106730">
						<ele>1355</ele>
						<time>2025-03-18T19:00:22Z</time>
					</trkpt>
					<trkpt lat="45.766130" lon="6.106730">
						<ele>1353</ele>
						<time>2025-03-18T19:00:25Z</time>
					</trkpt>
					<trkpt lat="45.765990" lon="6.106740">
						<ele>1352</ele>
						<time>2025-03-18T19:00:27Z</time>
					</trkpt>
					<trkpt lat="45.765840" lon="6.106750">
						<ele>1350</ele>
						<time>2025-03-18T19:00:30Z</time>
					</trkpt>
					<trkpt lat="45.765700" lon="6.106740">
						<ele>1349</ele>
						<time>2025-03-18T19:00:32Z</time>
					</trkpt>
					<trkpt lat="45.765600" lon="6.106710">
						<ele>1349</ele>
						<time>2025-03-18T19:00:34Z</time>
					</trkpt>
					<trkpt lat="45.765510" lon="6.106670">
						<ele>1349</ele>
						<time>2025-03-18T19:00:36Z</time>
					</trkpt>
					<trkpt lat="45.765360" lon="6.106540">
						<ele>1350</ele>
						<time>2025-03-18T19:00:39Z</time>
					</trkpt>
					<trkpt lat="45.765250" lon="6.106490">
						<ele>1350</ele>
						<time>2025-03-18T19:00:41Z</time>
					</trkpt>
					<trkpt lat="45.765130" lon="6.106480">
						<ele>1349</ele>
						<time>2025-03-18T19:00:43Z</time>
					</trkpt>
					<trkpt lat="45.764970" lon="6.106490">
						<ele>1348</ele>
						<time>2025-03-18T19:00:46Z</time>
					</trkpt>
					<trkpt lat="45.764850" lon="6.106520">
						<ele>1347</ele>
						<time>2025-03-18T19:00:48Z</time>
					</trkpt>
					<trkpt lat="45.764500" lon="6.106640">
						<ele>1343</ele>
						<time>2025-03-18T19:00:54Z</time>
					</trkpt>
					<trkpt lat="45.764370" lon="6.106650">
						<ele>1342</ele>
						<time>2025-03-18T19:00:57Z</time>
					</trkpt>
					<trkpt lat="45.764260" lon="6.106630">
						<ele>1342</ele>
						<time>2025-03-18T19:00:59Z</time>
					</trkpt>
					<trkpt lat="45.763970" lon="6.106490">
						<ele>1343</ele>
						<time>2025-03-18T19:01:04Z</time>
					</trkpt>
					<trkpt lat="45.763360" lon="6.106390">
						<ele>1339</ele>
						<time>2025-03-18T19:01:15Z</time>
					</trkpt>
					<trkpt lat="45.763280" lon="6.106350">
						<ele>1338</ele>
						<time>2025-03-18T19:01:17Z</time>
					</trkpt>
					<trkpt lat="45.763060" lon="6.106200">
						<ele>1335</ele>
						<time>2025-03-18T19:01:21Z</time>
					</trkpt>
					<trkpt lat="45.762970" lon="6.106120">
						<ele>1334</ele>
						<time>2025-03-18T19:01:23Z</time>
					</trkpt>
					<trkpt lat="45.762920" lon="6.106050">
						<ele>1334</ele>
						<time>2025-03-18T19:01:24Z</time>
					</trkpt>
					<trkpt lat="45.762830" lon="6.105870">
						<ele>1334</ele>
						<time>2025-03-18T19:01:27Z</time>
					</trkpt>
					<trkpt lat="45.762800" lon="6.105780">
						<ele>1334</ele>
						<time>2025-03-18T19:01:28Z</time>
					</trkpt>
					<trkpt lat="45.762740" lon="6.105480">
						<ele>1337</ele>
						<time>2025-03-18T19:01:32Z</time>
					</trkpt>
					<trkpt lat="45.762710" lon="6.105380">
						<ele>1337</ele>
						<time>2025-03-18T19:01:33Z</time>
					</trkpt>
					<trkpt lat="45.762610" lon="6.105210">
						<ele>1337</ele>
						<time>2025-03-18T19:01:36Z</time>
					</trkpt>
					<trkpt lat="45.762540" lon="6.105140">
						<ele>1337</ele>
						<time>2025-03-18T19:01:38Z</time>
					</trkpt>
					<trkpt lat="45.762350" lon="6.104990">
						<ele>1335</ele>
						<time>2025-03-18T19:01:41Z</time>
					</trkpt>
					<trkpt lat="45.762250" lon="6.104950">
						<ele>1334</ele>
						<time>2025-03-18T19:01:43Z</time>
					</trkpt>
					<trkpt lat="45.762100" lon="6.104910">
						<ele>1331</ele>
						<time>2025-03-18T19:01:46Z</time>
					</trkpt>
					<trkpt lat="45.761950" lon="6.104900">
						<ele>1328</ele>
						<time>2025-03-18T19:01:49Z</time>
					</trkpt>
					<trkpt lat="45.761690" lon="6.104940">
						<ele>1323</ele>
						<time>2025-03-18T19:01:53Z</time>
					</trkpt>
					<trkpt lat="45.761580" lon="6.104930">
						<ele>1321</ele>
						<time>2025-03-18T19:01:55Z</time>
					</trkpt>
					<trkpt lat="45.761540" lon="6.104910">
						<ele>1320</ele>
						<time>2025-03-18T19:01:56Z</time>
					</trkpt>
					<trkpt lat="45.761500" lon="6.104870">
						<ele>1320</ele>
						<time>2025-03-18T19:01:57Z</time>
					</trkpt>
					<trkpt lat="45.761460" lon="6.104810">
						<ele>1320</ele>
						<time>2025-03-18T19:01:58Z</time>
					</trkpt>
					<trkpt lat="45.761100" lon="6.103990">
						<ele>1320</ele>
						<time>2025-03-18T19:02:10Z</time>
					</trkpt>
					<trkpt lat="45.761010" lon="6.103820">
						<ele>1319</ele>
						<time>2025-03-18T19:02:13Z</time>
					</trkpt>
					<trkpt lat="45.760940" lon="6.103770">
						<ele>1317</ele>
						<time>2025-03-18T19:02:14Z</time>
					</trkpt>
					<trkpt lat="45.760900" lon="6.103770">
						<ele>1317</ele>
						<time>2025-03-18T19:02:15Z</time>
					</trkpt>
					<trkpt lat="45.760840" lon="6.103780">
						<ele>1316</ele>
						<time>2025-03-18T19:02:16Z</time>
					</trkpt>
					<trkpt lat="45.760790" lon="6.103810">
						<ele>1315</ele>
						<time>2025-03-18T19:02:17Z</time>
					</trkpt>
					<trkpt lat="45.760740" lon="6.103880">
						<ele>1314</ele>
						<time>2025-03-18T19:02:18Z</time>
					</trkpt>
					<trkpt lat="45.760720" lon="6.103990">
						<ele>1313</ele>
						<time>2025-03-18T19:02:19Z</time>
					</trkpt>
					<trkpt lat="45.760730" lon="6.104110">
						<ele>1312</ele>
						<time>2025-03-18T19:02:21Z</time>
					</trkpt>
					<trkpt lat="45.760770" lon="6.104230">
						<ele>1312</ele>
						<time>2025-03-18T19:02:23Z</time>
					</trkpt>
					<trkpt lat="45.760990" lon="6.104630">
						<ele>1312</ele>
						<time>2025-03-18T19:02:29Z</time>
					</trkpt>
					<trkpt lat="45.761260" lon="6.105080">
						<ele>1312</ele>
						<time>2025-03-18T19:02:36Z</time>
					</trkpt>
					<trkpt lat="45.761490" lon="6.105670">
						<ele>1309</ele>
						<time>2025-03-18T19:02:45Z</time>
					</trkpt>
					<trkpt lat="45.761560" lon="6.105780">
						<ele>1308</ele>
						<time>2025-03-18T19:02:47Z</time>
					</trkpt>
					<trkpt lat="45.761630" lon="6.105880">
						<ele>1309</ele>
						<time>2025-03-18T19:02:48Z</time>
					</trkpt>
					<trkpt lat="45.761790" lon="6.106050">
						<ele>1309</ele>
						<time>2025-03-18T19:02:52Z</time>
					</trkpt>
					<trkpt lat="45.761850" lon="6.106150">
						<ele>1309</ele>
						<time>2025-03-18T19:02:53Z</time>
					</trkpt>
					<trkpt lat="45.762110" lon="6.106640">
						<ele>1308</ele>
						<time>2025-03-18T19:03:01Z</time>
					</trkpt>
					<trkpt lat="45.762300" lon="6.106910">
						<ele>1306</ele>
						<time>2025-03-18T19:03:06Z</time>
					</trkpt>
					<trkpt lat="45.762400" lon="6.107070">
						<ele>1303</ele>
						<time>2025-03-18T19:03:09Z</time>
					</trkpt>
					<trkpt lat="45.762460" lon="6.107200">
						<ele>1301</ele>
						<time>2025-03-18T19:03:10Z</time>
					</trkpt>
					<trkpt lat="45.762530" lon="6.107360">
						<ele>1298</ele>
						<time>2025-03-18T19:03:13Z</time>
					</trkpt>
					<trkpt lat="45.762640" lon="6.107730">
						<ele>1291</ele>
						<time>2025-03-18T19:03:18Z</time>
					</trkpt>
					<trkpt lat="45.762700" lon="6.107860">
						<ele>1289</ele>
						<time>2025-03-18T19:03:20Z</time>
					</trkpt>
					<trkpt lat="45.762750" lon="6.107940">
						<ele>1288</ele>
						<time>2025-03-18T19:03:21Z</time>
					</trkpt>
					<trkpt lat="45.762800" lon="6.107990">
						<ele>1287</ele>
						<time>2025-03-18T19:03:22Z</time>
					</trkpt>
					<trkpt lat="45.762910" lon="6.108030">
						<ele>1288</ele>
						<time>2025-03-18T19:03:24Z</time>
					</trkpt>
					<trkpt lat="45.762970" lon="6.108020">
						<ele>1289</ele>
						<time>2025-03-18T19:03:25Z</time>
					</trkpt>
					<trkpt lat="45.763140" lon="6.107970">
						<ele>1294</ele>
						<time>2025-03-18T19:03:28Z</time>
					</trkpt>
					<trkpt lat="45.763270" lon="6.107970">
						<ele>1296</ele>
						<time>2025-03-18T19:03:31Z</time>
					</trkpt>
					<trkpt lat="45.763650" lon="6.108040">
						<ele>1297</ele>
						<time>2025-03-18T19:03:37Z</time>
					</trkpt>
					<trkpt lat="45.763820" lon="6.108100">
						<ele>1296</ele>
						<time>2025-03-18T19:03:41Z</time>
					</trkpt>
					<trkpt lat="45.763910" lon="6.108160">
						<ele>1295</ele>
						<time>2025-03-18T19:03:42Z</time>
					</trkpt>
					<trkpt lat="45.763990" lon="6.108230">
						<ele>1293</ele>
						<time>2025-03-18T19:03:44Z</time>
					</trkpt>
					<trkpt lat="45.764140" lon="6.108390">
						<ele>1290</ele>
						<time>2025-03-18T19:03:47Z</time>
					</trkpt>
					<trkpt lat="45.764190" lon="6.108470">
						<ele>1288</ele>
						<time>2025-03-18T19:03:49Z</time>
					</trkpt>
					<trkpt lat="45.764290" lon="6.108690">
						<ele>1284</ele>
						<time>2025-03-18T19:03:52Z</time>
					</trkpt>
					<trkpt lat="45.764360" lon="6.108810">
						<ele>1282</ele>
						<time>2025-03-18T19:03:54Z</time>
					</trkpt>
					<trkpt lat="45.764590" lon="6.109160">
						<ele>1277</ele>
						<time>2025-03-18T19:04:00Z</time>
					</trkpt>
					<trkpt lat="45.764670" lon="6.109270">
						<ele>1276</ele>
						<time>2025-03-18T19:04:02Z</time>
					</trkpt>
					<trkpt lat="45.764740" lon="6.109350">
						<ele>1275</ele>
						<time>2025-03-18T19:04:03Z</time>
					</trkpt>
					<trkpt lat="45.764890" lon="6.109490">
						<ele>1274</ele>
						<time>2025-03-18T19:04:07Z</time>
					</trkpt>
					<trkpt lat="45.765140" lon="6.109740">
						<ele>1273</ele>
						<time>2025-03-18T19:04:12Z</time>
					</trkpt>
					<trkpt lat="45.765230" lon="6.109860">
						<ele>1272</ele>
						<time>2025-03-18T19:04:14Z</time>
					</trkpt>
					<trkpt lat="45.765490" lon="6.110340">
						<ele>1263</ele>
						<time>2025-03-18T19:04:22Z</time>
					</trkpt>
					<trkpt lat="45.765550" lon="6.110410">
						<ele>1262</ele>
						<time>2025-03-18T19:04:23Z</time>
					</trkpt>
					<trkpt lat="45.765620" lon="6.110470">
						<ele>1262</ele>
						<time>2025-03-18T19:04:25Z</time>
					</trkpt>
					<trkpt lat="45.766040" lon="6.110740">
						<ele>1263</ele>
						<time>2025-03-18T19:04:33Z</time>
					</trkpt>
					<trkpt lat="45.766270" lon="6.110850">
						<ele>1265</ele>
						<time>2025-03-18T19:04:37Z</time>
					</trkpt>
					<trkpt lat="45.766360" lon="6.110890">
						<ele>1266</ele>
						<time>2025-03-18T19:04:39Z</time>
					</trkpt>
					<trkpt lat="45.766430" lon="6.110960">
						<ele>1265</ele>
						<time>2025-03-18T19:04:40Z</time>
					</trkpt>
					<trkpt lat="45.766710" lon="6.111280">
						<ele>1259</ele>
						<time>2025-03-18T19:04:47Z</time>
					</trkpt>
					<trkpt lat="45.766880" lon="6.111430">
						<ele>1258</ele>
						<time>2025-03-18T19:04:50Z</time>
					</trkpt>
					<trkpt lat="45.767390" lon="6.111830">
						<ele>1256</ele>
						<time>2025-03-18T19:05:01Z</time>
					</trkpt>
					<trkpt lat="45.767630" lon="6.112040">
						<ele>1252</ele>
						<time>2025-03-18T19:05:06Z</time>
					</trkpt>
					<trkpt lat="45.768340" lon="6.112730">
						<ele>1241</ele>
						<time>2025-03-18T19:05:21Z</time>
					</trkpt>
					<trkpt lat="45.768740" lon="6.113050">
						<ele>1238</ele>
						<time>2025-03-18T19:05:29Z</time>
					</trkpt>
					<trkpt lat="45.768980" lon="6.113210">
						<ele>1238</ele>
						<time>2025-03-18T19:05:34Z</time>
					</trkpt>
					<trkpt lat="45.769120" lon="6.113330">
						<ele>1238</ele>
						<time>2025-03-18T19:05:37Z</time>
					</trkpt>
					<trkpt lat="45.769410" lon="6.113610">
						<ele>1232</ele>
						<time>2025-03-18T19:05:43Z</time>
					</trkpt>
					<trkpt lat="45.769550" lon="6.113800">
						<ele>1227</ele>
						<time>2025-03-18T19:05:46Z</time>
					</trkpt>
					<trkpt lat="45.769620" lon="6.113880">
						<ele>1224</ele>
						<time>2025-03-18T19:05:48Z</time>
					</trkpt>
					<trkpt lat="45.769690" lon="6.113940">
						<ele>1223</ele>
						<time>2025-03-18T19:05:49Z</time>
					</trkpt>
					<trkpt lat="45.770020" lon="6.114110">
						<ele>1224</ele>
						<time>2025-03-18T19:05:55Z</time>
					</trkpt>
					<trkpt lat="45.770130" lon="6.114180">
						<ele>1223</ele>
						<time>2025-03-18T19:05:58Z</time>
					</trkpt>
					<trkpt lat="45.770410" lon="6.114380">
						<ele>1221</ele>
						<time>2025-03-18T19:06:03Z</time>
					</trkpt>
					<trkpt lat="45.770520" lon="6.114450">
						<ele>1220</ele>
						<time>2025-03-18T19:06:05Z</time>
					</trkpt>
					<trkpt lat="45.770610" lon="6.114490">
						<ele>1221</ele>
						<time>2025-03-18T19:06:07Z</time>
					</trkpt>
					<trkpt lat="45.770730" lon="6.114520">
						<ele>1223</ele>
						<time>2025-03-18T19:06:09Z</time>
					</trkpt>
					<trkpt lat="45.770810" lon="6.114560">
						<ele>1223</ele>
						<time>2025-03-18T19:06:11Z</time>
					</trkpt>
					<trkpt lat="45.771080" lon="6.114740">
						<ele>1218</ele>
						<time>2025-03-18T19:06:16Z</time>
					</trkpt>
					<trkpt lat="45.771230" lon="6.114830">
						<ele>1216</ele>
						<time>2025-03-18T19:06:19Z</time>
					</trkpt>
					<trkpt lat="45.771450" lon="6.114890">
						<ele>1217</ele>
						<time>2025-03-18T19:06:23Z</time>
					</trkpt>
					<trkpt lat="45.771640" lon="6.114890">
						<ele>1221</ele>
						<time>2025-03-18T19:06:26Z</time>
					</trkpt>
					<trkpt lat="45.771710" lon="6.114900">
						<ele>1222</ele>
						<time>2025-03-18T19:06:27Z</time>
					</trkpt>
					<trkpt lat="45.771780" lon="6.114940">
						<ele>1221</ele>
						<time>2025-03-18T19:06:29Z</time>
					</trkpt>
					<trkpt lat="45.771860" lon="6.114990">
						<ele>1220</ele>
						<time>2025-03-18T19:06:30Z</time>
					</trkpt>
					<trkpt lat="45.771930" lon="6.115060">
						<ele>1218</ele>
						<time>2025-03-18T19:06:32Z</time>
					</trkpt>
					<trkpt lat="45.772130" lon="6.115280">
						<ele>1210</ele>
						<time>2025-03-18T19:06:36Z</time>
					</trkpt>
					<trkpt lat="45.772220" lon="6.115350">
						<ele>1209</ele>
						<time>2025-03-18T19:06:38Z</time>
					</trkpt>
					<trkpt lat="45.772470" lon="6.115510">
						<ele>1207</ele>
						<time>2025-03-18T19:06:43Z</time>
					</trkpt>
					<trkpt lat="45.772570" lon="6.115600">
						<ele>1205</ele>
						<time>2025-03-18T19:06:45Z</time>
					</trkpt>
					<trkpt lat="45.772700" lon="6.115750">
						<ele>1201</ele>
						<time>2025-03-18T19:06:48Z</time>
					</trkpt>
					<trkpt lat="45.772750" lon="6.115790">
						<ele>1200</ele>
						<time>2025-03-18T19:06:49Z</time>
					</trkpt>
					<trkpt lat="45.772800" lon="6.115810">
						<ele>1201</ele>
						<time>2025-03-18T19:06:50Z</time>
					</trkpt>
					<trkpt lat="45.773090" lon="6.115880">
						<ele>1206</ele>
						<time>2025-03-18T19:06:55Z</time>
					</trkpt>
					<trkpt lat="45.773210" lon="6.115970">
						<ele>1204</ele>
						<time>2025-03-18T19:06:58Z</time>
					</trkpt>
					<trkpt lat="45.773400" lon="6.116140">
						<ele>1201</ele>
						<time>2025-03-18T19:07:02Z</time>
					</trkpt>
					<trkpt lat="45.773560" lon="6.116300">
						<ele>1196</ele>
						<time>2025-03-18T19:07:05Z</time>
					</trkpt>
					<trkpt lat="45.773630" lon="6.116350">
						<ele>1195</ele>
						<time>2025-03-18T19:07:07Z</time>
					</trkpt>
					<trkpt lat="45.773940" lon="6.116450">
						<ele>1197</ele>
						<time>2025-03-18T19:07:12Z</time>
					</trkpt>
					<trkpt lat="45.773980" lon="6.116480">
						<ele>1196</ele>
						<time>2025-03-18T19:07:13Z</time>
					</trkpt>
					<trkpt lat="45.774000" lon="6.116520">
						<ele>1194</ele>
						<time>2025-03-18T19:07:14Z</time>
					</trkpt>
					<trkpt lat="45.774010" lon="6.116560">
						<ele>1191</ele>
						<time>2025-03-18T19:07:14Z</time>
					</trkpt>
					<trkpt lat="45.774000" lon="6.116630">
						<ele>1187</ele>
						<time>2025-03-18T19:07:15Z</time>
					</trkpt>
					<trkpt lat="45.773960" lon="6.116680">
						<ele>1183</ele>
						<time>2025-03-18T19:07:16Z</time>
					</trkpt>
					<trkpt lat="45.773930" lon="6.116700">
						<ele>1182</ele>
						<time>2025-03-18T19:07:17Z</time>
					</trkpt>
					<trkpt lat="45.773890" lon="6.116700">
						<ele>1181</ele>
						<time>2025-03-18T19:07:17Z</time>
					</trkpt>
					<trkpt lat="45.773840" lon="6.116680">
						<ele>1181</ele>
						<time>2025-03-18T19:07:18Z</time>
					</trkpt>
					<trkpt lat="45.773500" lon="6.116460">
						<ele>1186</ele>
						<time>2025-03-18T19:07:25Z</time>
					</trkpt>
					<trkpt lat="45.773110" lon="6.116230">
						<ele>1188</ele>
						<time>2025-03-18T19:07:32Z</time>
					</trkpt>
					<trkpt lat="45.772930" lon="6.116160">
						<ele>1187</ele>
						<time>2025-03-18T19:07:36Z</time>
					</trkpt>
					<trkpt lat="45.772700" lon="6.116140">
						<ele>1182</ele>
						<time>2025-03-18T19:07:40Z</time>
					</trkpt>
					<trkpt lat="45.772530" lon="6.116100">
						<ele>1179</ele>
						<time>2025-03-18T19:07:43Z</time>
					</trkpt>
					<trkpt lat="45.772370" lon="6.116030">
						<ele>1178</ele>
						<time>2025-03-18T19:07:46Z</time>
					</trkpt>
					<trkpt lat="45.772040" lon="6.115830">
						<ele>1177</ele>
						<time>2025-03-18T19:07:52Z</time>
					</trkpt>
					<trkpt lat="45.771870" lon="6.115710">
						<ele>1179</ele>
						<time>2025-03-18T19:07:56Z</time>
					</trkpt>
					<trkpt lat="45.771770" lon="6.115650">
						<ele>1180</ele>
						<time>2025-03-18T19:07:58Z</time>
					</trkpt>
					<trkpt lat="45.771670" lon="6.115630">
						<ele>1178</ele>
						<time>2025-03-18T19:07:59Z</time>
					</trkpt>
					<trkpt lat="45.771250" lon="6.115570">
						<ele>1173</ele>
						<time>2025-03-18T19:08:07Z</time>
					</trkpt>
					<trkpt lat="45.770990" lon="6.115480">
						<ele>1173</ele>
						<time>2025-03-18T19:08:12Z</time>
					</trkpt>
					<trkpt lat="45.770570" lon="6.115360">
						<ele>1170</ele>
						<time>2025-03-18T19:08:19Z</time>
					</trkpt>
					<trkpt lat="45.770180" lon="6.115280">
						<ele>1166</ele>
						<time>2025-03-18T19:08:26Z</time>
					</trkpt>
					<trkpt lat="45.769820" lon="6.115160">
						<ele>1162</ele>
						<time>2025-03-18T19:08:33Z</time>
					</trkpt>
					<trkpt lat="45.769620" lon="6.115080">
						<ele>1159</ele>
						<time>2025-03-18T19:08:36Z</time>
					</trkpt>
					<trkpt lat="45.768610" lon="6.114570">
						<ele>1153</ele>
						<time>2025-03-18T19:08:56Z</time>
					</trkpt>
					<trkpt lat="45.768390" lon="6.114480">
						<ele>1151</ele>
						<time>2025-03-18T19:09:00Z</time>
					</trkpt>
					<trkpt lat="45.767810" lon="6.114200">
						<ele>1149</ele>
						<time>2025-03-18T19:09:10Z</time>
					</trkpt>
					<trkpt lat="45.767590" lon="6.114150">
						<ele>1146</ele>
						<time>2025-03-18T19:09:14Z</time>
					</trkpt>
					<trkpt lat="45.767450" lon="6.114100">
						<ele>1144</ele>
						<time>2025-03-18T19:09:17Z</time>
					</trkpt>
					<trkpt lat="45.767230" lon="6.113980">
						<ele>1145</ele>
						<time>2025-03-18T19:09:21Z</time>
					</trkpt>
					<trkpt lat="45.766950" lon="6.113850">
						<ele>1144</ele>
						<time>2025-03-18T19:09:26Z</time>
					</trkpt>
					<trkpt lat="45.765150" lon="6.113240">
						<ele>1129</ele>
						<time>2025-03-18T19:09:59Z</time>
					</trkpt>
					<trkpt lat="45.764740" lon="6.113070">
						<ele>1128</ele>
						<time>2025-03-18T19:10:07Z</time>
					</trkpt>
					<trkpt lat="45.763960" lon="6.112770">
						<ele>1122</ele>
						<time>2025-03-18T19:10:21Z</time>
					</trkpt>
					<trkpt lat="45.763790" lon="6.112680">
						<ele>1123</ele>
						<time>2025-03-18T19:10:25Z</time>
					</trkpt>
					<trkpt lat="45.763660" lon="6.112650">
						<ele>1121</ele>
						<time>2025-03-18T19:10:27Z</time>
					</trkpt>
					<trkpt lat="45.763570" lon="6.112660">
						<ele>1119</ele>
						<time>2025-03-18T19:10:28Z</time>
					</trkpt>
					<trkpt lat="45.763430" lon="6.112650">
						<ele>1116</ele>
						<time>2025-03-18T19:10:31Z</time>
					</trkpt>
					<trkpt lat="45.763230" lon="6.112610">
						<ele>1114</ele>
						<time>2025-03-18T19:10:35Z</time>
					</trkpt>
					<trkpt lat="45.762890" lon="6.112530">
						<ele>1110</ele>
						<time>2025-03-18T19:10:41Z</time>
					</trkpt>
					<trkpt lat="45.762670" lon="6.112470">
						<ele>1107</ele>
						<time>2025-03-18T19:10:45Z</time>
					</trkpt>
					<trkpt lat="45.762400" lon="6.112360">
						<ele>1107</ele>
						<time>2025-03-18T19:10:50Z</time>
					</trkpt>
					<trkpt lat="45.762260" lon="6.112290">
						<ele>1107</ele>
						<time>2025-03-18T19:10:52Z</time>
					</trkpt>
					<trkpt lat="45.762130" lon="6.112240">
						<ele>1106</ele>
						<time>2025-03-18T19:10:55Z</time>
					</trkpt>
					<trkpt lat="45.761300" lon="6.112050">
						<ele>1098</ele>
						<time>2025-03-18T19:11:10Z</time>
					</trkpt>
					<trkpt lat="45.761200" lon="6.111990">
						<ele>1098</ele>
						<time>2025-03-18T19:11:12Z</time>
					</trkpt>
					<trkpt lat="45.761000" lon="6.111830">
						<ele>1101</ele>
						<time>2025-03-18T19:11:16Z</time>
					</trkpt>
					<trkpt lat="45.760940" lon="6.111820">
						<ele>1100</ele>
						<time>2025-03-18T19:11:17Z</time>
					</trkpt>
					<trkpt lat="45.760910" lon="6.111840">
						<ele>1099</ele>
						<time>2025-03-18T19:11:17Z</time>
					</trkpt>
					<trkpt lat="45.760870" lon="6.111890">
						<ele>1096</ele>
						<time>2025-03-18T19:11:18Z</time>
					</trkpt>
					<trkpt lat="45.760860" lon="6.111920">
						<ele>1095</ele>
						<time>2025-03-18T19:11:19Z</time>
					</trkpt>
					<trkpt lat="45.760850" lon="6.111970">
						<ele>1093</ele>
						<time>2025-03-18T19:11:19Z</time>
					</trkpt>
					<trkpt lat="45.760860" lon="6.112010">
						<ele>1091</ele>
						<time>2025-03-18T19:11:20Z</time>
					</trkpt>
					<trkpt lat="45.760880" lon="6.112060">
						<ele>1090</ele>
						<time>2025-03-18T19:11:21Z</time>
					</trkpt>
					<trkpt lat="45.760910" lon="6.112090">
						<ele>1089</ele>
						<time>2025-03-18T19:11:21Z</time>
					</trkpt>
					<trkpt lat="45.761510" lon="6.112350">
						<ele>1088</ele>
						<time>2025-03-18T19:11:32Z</time>
					</trkpt>
					<trkpt lat="45.761610" lon="6.112410">
						<ele>1086</ele>
						<time>2025-03-18T19:11:34Z</time>
					</trkpt>
					<trkpt lat="45.761790" lon="6.112540">
						<ele>1084</ele>
						<time>2025-03-18T19:11:38Z</time>
					</trkpt>
					<trkpt lat="45.762090" lon="6.112700">
						<ele>1084</ele>
						<time>2025-03-18T19:11:44Z</time>
					</trkpt>
					<trkpt lat="45.762180" lon="6.112770">
						<ele>1083</ele>
						<time>2025-03-18T19:11:45Z</time>
					</trkpt>
					<trkpt lat="45.762420" lon="6.113000">
						<ele>1078</ele>
						<time>2025-03-18T19:11:51Z</time>
					</trkpt>
					<trkpt lat="45.762680" lon="6.113170">
						<ele>1076</ele>
						<time>2025-03-18T19:11:56Z</time>
					</trkpt>
					<trkpt lat="45.762930" lon="6.113370">
						<ele>1073</ele>
						<time>2025-03-18T19:12:01Z</time>
					</trkpt>
					<trkpt lat="45.763550" lon="6.113690">
						<ele>1074</ele>
						<time>2025-03-18T19:12:12Z</time>
					</trkpt>
					<trkpt lat="45.763690" lon="6.113770">
						<ele>1074</ele>
						<time>2025-03-18T19:12:15Z</time>
					</trkpt>
					<trkpt lat="45.763990" lon="6.114000">
						<ele>1071</ele>
						<time>2025-03-18T19:12:21Z</time>
					</trkpt>
					<trkpt lat="45.764090" lon="6.114090">
						<ele>1069</ele>
						<time>2025-03-18T19:12:23Z</time>
					</trkpt>
					<trkpt lat="45.764390" lon="6.114410">
						<ele>1062</ele>
						<time>2025-03-18T19:12:30Z</time>
					</trkpt>
					<trkpt lat="45.764490" lon="6.114500">
						<ele>1061</ele>
						<time>2025-03-18T19:12:32Z</time>
					</trkpt>
					<trkpt lat="45.764800" lon="6.114730">
						<ele>1057</ele>
						<time>2025-03-18T19:12:38Z</time>
					</trkpt>
					<trkpt lat="45.765050" lon="6.114880">
						<ele>1055</ele>
						<time>2025-03-18T19:12:43Z</time>
					</trkpt>
					<trkpt lat="45.765390" lon="6.115060">
						<ele>1054</ele>
						<time>2025-03-18T19:12:50Z</time>
					</trkpt>
					<trkpt lat="45.766270" lon="6.115620">
						<ele>1049</ele>
						<time>2025-03-18T19:13:07Z</time>
					</trkpt>
					<trkpt lat="45.767040" lon="6.116170">
						<ele>1046</ele>
						<time>2025-03-18T19:13:22Z</time>
					</trkpt>
					<trkpt lat="45.767240" lon="6.116330">
						<ele>1045</ele>
						<time>2025-03-18T19:13:26Z</time>
					</trkpt>
					<trkpt lat="45.767420" lon="6.116490">
						<ele>1044</ele>
						<time>2025-03-18T19:13:30Z</time>
					</trkpt>
					<trkpt lat="45.767590" lon="6.116690">
						<ele>1041</ele>
						<time>2025-03-18T19:13:34Z</time>
					</trkpt>
					<trkpt lat="45.767910" lon="6.117100">
						<ele>1037</ele>
						<time>2025-03-18T19:13:41Z</time>
					</trkpt>
					<trkpt lat="45.768060" lon="6.117240">
						<ele>1036</ele>
						<time>2025-03-18T19:13:45Z</time>
					</trkpt>
					<trkpt lat="45.768450" lon="6.117570">
						<ele>1034</ele>
						<time>2025-03-18T19:13:53Z</time>
					</trkpt>
					<trkpt lat="45.768790" lon="6.117910">
						<ele>1032</ele>
						<time>2025-03-18T19:14:00Z</time>
					</trkpt>
					<trkpt lat="45.769250" lon="6.118290">
						<ele>1030</ele>
						<time>2025-03-18T19:14:09Z</time>
					</trkpt>
					<trkpt lat="45.769510" lon="6.118630">
						<ele>1026</ele>
						<time>2025-03-18T19:14:16Z</time>
					</trkpt>
					<trkpt lat="45.769710" lon="6.119020">
						<ele>1020</ele>
						<time>2025-03-18T19:14:22Z</time>
					</trkpt>
					<trkpt lat="45.769820" lon="6.119170">
						<ele>1019</ele>
						<time>2025-03-18T19:14:24Z</time>
					</trkpt>
					<trkpt lat="45.770140" lon="6.119480">
						<ele>1018</ele>
						<time>2025-03-18T19:14:31Z</time>
					</trkpt>
					<trkpt lat="45.770430" lon="6.119810">
						<ele>1014</ele>
						<time>2025-03-18T19:14:38Z</time>
					</trkpt>
					<trkpt lat="45.770640" lon="6.120090">
						<ele>1010</ele>
						<time>2025-03-18T19:14:43Z</time>
					</trkpt>
					<trkpt lat="45.770710" lon="6.120150">
						<ele>1010</ele>
						<time>2025-03-18T19:14:44Z</time>
					</trkpt>
					<trkpt lat="45.770860" lon="6.120230">
						<ele>1011</ele>
						<time>2025-03-18T19:14:47Z</time>
					</trkpt>
					<trkpt lat="45.770990" lon="6.120320">
						<ele>1011</ele>
						<time>2025-03-18T19:14:50Z</time>
					</trkpt>
					<trkpt lat="45.771240" lon="6.120570">
						<ele>1010</ele>
						<time>2025-03-18T19:14:55Z</time>
					</trkpt>
					<trkpt lat="45.771360" lon="6.120690">
						<ele>1009</ele>
						<time>2025-03-18T19:14:58Z</time>
					</trkpt>
					<trkpt lat="45.771400" lon="6.120750">
						<ele>1009</ele>
						<time>2025-03-18T19:14:59Z</time>
					</trkpt>
					<trkpt lat="45.771420" lon="6.120810">
						<ele>1007</ele>
						<time>2025-03-18T19:15:00Z</time>
					</trkpt>
					<trkpt lat="45.771430" lon="6.120860">
						<ele>1006</ele>
						<time>2025-03-18T19:15:00Z</time>
					</trkpt>
					<trkpt lat="45.771430" lon="6.120900">
						<ele>1005</ele>
						<time>2025-03-18T19:15:01Z</time>
					</trkpt>
					<trkpt lat="45.771410" lon="6.120960">
						<ele>1003</ele>
						<time>2025-03-18T19:15:02Z</time>
					</trkpt>
					<trkpt lat="45.771390" lon="6.120990">
						<ele>1002</ele>
						<time>2025-03-18T19:15:02Z</time>
					</trkpt>
					<trkpt lat="45.771360" lon="6.121020">
						<ele>1000</ele>
						<time>2025-03-18T19:15:03Z</time>
					</trkpt>
					<trkpt lat="45.771320" lon="6.121030">
						<ele>999</ele>
						<time>2025-03-18T19:15:04Z</time>
					</trkpt>
					<trkpt lat="45.771250" lon="6.121010">
						<ele>998</ele>
						<time>2025-03-18T19:15:05Z</time>
					</trkpt>
					<trkpt lat="45.771190" lon="6.120960">
						<ele>998</ele>
						<time>2025-03-18T19:15:06Z</time>
					</trkpt>
					<trkpt lat="45.770930" lon="6.120640">
						<ele>1000</ele>
						<time>2025-03-18T19:15:12Z</time>
					</trkpt>
					<trkpt lat="45.770840" lon="6.120540">
						<ele>1001</ele>
						<time>2025-03-18T19:15:14Z</time>
					</trkpt>
					<trkpt lat="45.770760" lon="6.120480">
						<ele>1001</ele>
						<time>2025-03-18T19:15:16Z</time>
					</trkpt>
					<trkpt lat="45.770660" lon="6.120440">
						<ele>1001</ele>
						<time>2025-03-18T19:15:18Z</time>
					</trkpt>
					<trkpt lat="45.770420" lon="6.120370">
						<ele>998</ele>
						<time>2025-03-18T19:15:22Z</time>
					</trkpt>
					<trkpt lat="45.770240" lon="6.120290">
						<ele>997</ele>
						<time>2025-03-18T19:15:25Z</time>
					</trkpt>
					<trkpt lat="45.770070" lon="6.120210">
						<ele>996</ele>
						<time>2025-03-18T19:15:29Z</time>
					</trkpt>
					<trkpt lat="45.769580" lon="6.119900">
						<ele>991</ele>
						<time>2025-03-18T19:15:38Z</time>
					</trkpt>
					<trkpt lat="45.768930" lon="6.119360">
						<ele>988</ele>
						<time>2025-03-18T19:15:51Z</time>
					</trkpt>
					<trkpt lat="45.768780" lon="6.119250">
						<ele>987</ele>
						<time>2025-03-18T19:15:54Z</time>
					</trkpt>
					<trkpt lat="45.768620" lon="6.119160">
						<ele>985</ele>
						<time>2025-03-18T19:15:58Z</time>
					</trkpt>
					<trkpt lat="45.767820" lon="6.118810">
						<ele>979</ele>
						<time>2025-03-18T19:16:12Z</time>
					</trkpt>
					<trkpt lat="45.767360" lon="6.118660">
						<ele>974</ele>
						<time>2025-03-18T19:16:21Z</time>
					</trkpt>
					<trkpt lat="45.766610" lon="6.118330">
						<ele>968</ele>
						<time>2025-03-18T19:16:35Z</time>
					</trkpt>
					<trkpt lat="45.766320" lon="6.118150">
						<ele>967</ele>
						<time>2025-03-18T19:16:40Z</time>
					</trkpt>
					<trkpt lat="45.766250" lon="6.118130">
						<ele>966</ele>
						<time>2025-03-18T19:16:42Z</time>
					</trkpt>
					<trkpt lat="45.766190" lon="6.118130">
						<ele>965</ele>
						<time>2025-03-18T19:16:43Z</time>
					</trkpt>
					<trkpt lat="45.766150" lon="6.118170">
						<ele>963</ele>
						<time>2025-03-18T19:16:44Z</time>
					</trkpt>
					<trkpt lat="45.766130" lon="6.118220">
						<ele>961</ele>
						<time>2025-03-18T19:16:44Z</time>
					</trkpt>
					<trkpt lat="45.766130" lon="6.118280">
						<ele>960</ele>
						<time>2025-03-18T19:16:45Z</time>
					</trkpt>
					<trkpt lat="45.766140" lon="6.118360">
						<ele>958</ele>
						<time>2025-03-18T19:16:46Z</time>
					</trkpt>
					<trkpt lat="45.766170" lon="6.118420">
						<ele>957</ele>
						<time>2025-03-18T19:16:47Z</time>
					</trkpt>
					<trkpt lat="45.766290" lon="6.118520">
						<ele>956</ele>
						<time>2025-03-18T19:16:49Z</time>
					</trkpt>
					<trkpt lat="45.766450" lon="6.118640">
						<ele>956</ele>
						<time>2025-03-18T19:16:53Z</time>
					</trkpt>
					<trkpt lat="45.766790" lon="6.118960">
						<ele>954</ele>
						<time>2025-03-18T19:17:00Z</time>
					</trkpt>
					<trkpt lat="45.766870" lon="6.119060">
						<ele>953</ele>
						<time>2025-03-18T19:17:02Z</time>
					</trkpt>
					<trkpt lat="45.767340" lon="6.119900">
						<ele>941</ele>
						<time>2025-03-18T19:17:15Z</time>
					</trkpt>
					<trkpt lat="45.767530" lon="6.120200">
						<ele>940</ele>
						<time>2025-03-18T19:17:20Z</time>
					</trkpt>
					<trkpt lat="45.767570" lon="6.120330">
						<ele>939</ele>
						<time>2025-03-18T19:17:22Z</time>
					</trkpt>
					<trkpt lat="45.767590" lon="6.120600">
						<ele>935</ele>
						<time>2025-03-18T19:17:25Z</time>
					</trkpt>
					<trkpt lat="45.767610" lon="6.120750">
						<ele>934</ele>
						<time>2025-03-18T19:17:27Z</time>
					</trkpt>
					<trkpt lat="45.767640" lon="6.120870">
						<ele>933</ele>
						<time>2025-03-18T19:17:29Z</time>
					</trkpt>
					<trkpt lat="45.767740" lon="6.121140">
						<ele>931</ele>
						<time>2025-03-18T19:17:33Z</time>
					</trkpt>
					<trkpt lat="45.767770" lon="6.121220">
						<ele>931</ele>
						<time>2025-03-18T19:17:34Z</time>
					</trkpt>
					<trkpt lat="45.767780" lon="6.121310">
						<ele>930</ele>
						<time>2025-03-18T19:17:35Z</time>
					</trkpt>
					<trkpt lat="45.767780" lon="6.121420">
						<ele>929</ele>
						<time>2025-03-18T19:17:36Z</time>
					</trkpt>
					<trkpt lat="45.767740" lon="6.121410">
						<ele>929</ele>
						<time>2025-03-18T19:17:37Z</time>
					</trkpt>
					<trkpt lat="45.767670" lon="6.121340">
						<ele>928</ele>
						<time>2025-03-18T19:17:38Z</time>
					</trkpt>
					<trkpt lat="45.767570" lon="6.121240">
						<ele>928</ele>
						<time>2025-03-18T19:17:41Z</time>
					</trkpt>
					<trkpt lat="45.767500" lon="6.121190">
						<ele>927</ele>
						<time>2025-03-18T19:17:42Z</time>
					</trkpt>
					<trkpt lat="45.767350" lon="6.121110">
						<ele>925</ele>
						<time>2025-03-18T19:17:45Z</time>
					</trkpt>
					<trkpt lat="45.767170" lon="6.121050">
						<ele>922</ele>
						<time>2025-03-18T19:17:48Z</time>
					</trkpt>
					<trkpt lat="45.767080" lon="6.120980">
						<ele>921</ele>
						<time>2025-03-18T19:17:50Z</time>
					</trkpt>
					<trkpt lat="45.767000" lon="6.120870">
						<ele>920</ele>
						<time>2025-03-18T19:17:52Z</time>
					</trkpt>
					<trkpt lat="45.766960" lon="6.120850">
						<ele>919</ele>
						<time>2025-03-18T19:17:53Z</time>
					</trkpt>
					<trkpt lat="45.766890" lon="6.120830">
						<ele>918</ele>
						<time>2025-03-18T19:17:54Z</time>
					</trkpt>
					<trkpt lat="45.766850" lon="6.120870">
						<ele>917</ele>
						<time>2025-03-18T19:17:55Z</time>
					</trkpt>
					<trkpt lat="45.766820" lon="6.120940">
						<ele>915</ele>
						<time>2025-03-18T19:17:56Z</time>
					</trkpt>
					<trkpt lat="45.766810" lon="6.121030">
						<ele>915</ele>
						<time>2025-03-18T19:17:57Z</time>
					</trkpt>
					<trkpt lat="45.766820" lon="6.121100">
						<ele>914</ele>
						<time>2025-03-18T19:17:58Z</time>
					</trkpt>
					<trkpt lat="45.766860" lon="6.121150">
						<ele>915</ele>
						<time>2025-03-18T19:17:59Z</time>
					</trkpt>
					<trkpt lat="45.766920" lon="6.121200">
						<ele>915</ele>
						<time>2025-03-18T19:18:00Z</time>
					</trkpt>
					<trkpt lat="45.767030" lon="6.121270">
						<ele>917</ele>
						<time>2025-03-18T19:18:02Z</time>
					</trkpt>
					<trkpt lat="45.767070" lon="6.121300">
						<ele>918</ele>
						<time>2025-03-18T19:18:03Z</time>
					</trkpt>
					<trkpt lat="45.767120" lon="6.121410">
						<ele>918</ele>
						<time>2025-03-18T19:18:05Z</time>
					</trkpt>
					<trkpt lat="45.767120" lon="6.121490">
						<ele>917</ele>
						<time>2025-03-18T19:18:06Z</time>
					</trkpt>
					<trkpt lat="45.767120" lon="6.121600">
						<ele>916</ele>
						<time>2025-03-18T19:18:07Z</time>
					</trkpt>
					<trkpt lat="45.767110" lon="6.121650">
						<ele>915</ele>
						<time>2025-03-18T19:18:08Z</time>
					</trkpt>
					<trkpt lat="45.767130" lon="6.121850">
						<ele>914</ele>
						<time>2025-03-18T19:18:10Z</time>
					</trkpt>
					<trkpt lat="45.767130" lon="6.121950">
						<ele>914</ele>
						<time>2025-03-18T19:18:11Z</time>
					</trkpt>
					<trkpt lat="45.767080" lon="6.122390">
						<ele>911</ele>
						<time>2025-03-18T19:18:17Z</time>
					</trkpt>
					<trkpt lat="45.767090" lon="6.122540">
						<ele>910</ele>
						<time>2025-03-18T19:18:19Z</time>
					</trkpt>
					<trkpt lat="45.767100" lon="6.122720">
						<ele>909</ele>
						<time>2025-03-18T19:18:21Z</time>
					</trkpt>
					<trkpt lat="45.767500" lon="6.125470">
						<ele>891</ele>
						<time>2025-03-18T19:18:56Z</time>
					</trkpt>
					<trkpt lat="45.767540" lon="6.125600">
						<ele>890</ele>
						<time>2025-03-18T19:18:58Z</time>
					</trkpt>
					<trkpt lat="45.767580" lon="6.125690">
						<ele>890</ele>
						<time>2025-03-18T19:18:59Z</time>
					</trkpt>
					<trkpt lat="45.767670" lon="6.125820">
						<ele>889</ele>
						<time>2025-03-18T19:19:01Z</time>
					</trkpt>
					<trkpt lat="45.768080" lon="6.126350">
						<ele>886</ele>
						<time>2025-03-18T19:19:11Z</time>
					</trkpt>
					<trkpt lat="45.768190" lon="6.126470">
						<ele>885</ele>
						<time>2025-03-18T19:19:14Z</time>
					</trkpt>
					<trkpt lat="45.768340" lon="6.126580">
						<ele>885</ele>
						<time>2025-03-18T19:19:17Z</time>
					</trkpt>
					<trkpt lat="45.768620" lon="6.126760">
						<ele>884</ele>
						<time>2025-03-18T19:19:22Z</time>
					</trkpt>
					<trkpt lat="45.768730" lon="6.126860">
						<ele>884</ele>
						<time>2025-03-18T19:19:24Z</time>
					</trkpt>
					<trkpt lat="45.768770" lon="6.126920">
						<ele>884</ele>
						<time>2025-03-18T19:19:25Z</time>
					</trkpt>
					<trkpt lat="45.768800" lon="6.126980">
						<ele>883</ele>
						<time>2025-03-18T19:19:26Z</time>
					</trkpt>
					<trkpt lat="45.768810" lon="6.127050">
						<ele>883</ele>
						<time>2025-03-18T19:19:27Z</time>
					</trkpt>
					<trkpt lat="45.768810" lon="6.127130">
						<ele>882</ele>
						<time>2025-03-18T19:19:28Z</time>
					</trkpt>
					<trkpt lat="45.768810" lon="6.127130">
						<ele>882</ele>
						<time>2025-03-18T19:19:28Z</time>
					</trkpt>
					<trkpt lat="45.768710" lon="6.127120">
						<ele>882</ele>
						<time>2025-03-18T19:19:30Z</time>
					</trkpt>
					<trkpt lat="45.768580" lon="6.127130">
						<ele>881</ele>
						<time>2025-03-18T19:19:32Z</time>
					</trkpt>
					<trkpt lat="45.768050" lon="6.127190">
						<ele>877</ele>
						<time>2025-03-18T19:19:42Z</time>
					</trkpt>
					<trkpt lat="45.767920" lon="6.127180">
						<ele>876</ele>
						<time>2025-03-18T19:19:44Z</time>
					</trkpt>
					<trkpt lat="45.767830" lon="6.127150">
						<ele>876</ele>
						<time>2025-03-18T19:19:46Z</time>
					</trkpt>
					<trkpt lat="45.767640" lon="6.127070">
						<ele>875</ele>
						<time>2025-03-18T19:19:49Z</time>
					</trkpt>
					<trkpt lat="45.766880" lon="6.126650">
						<ele>871</ele>
						<time>2025-03-18T19:20:04Z</time>
					</trkpt>
					<trkpt lat="45.766630" lon="6.126500">
						<ele>870</ele>
						<time>2025-03-18T19:20:08Z</time>
					</trkpt>
					<trkpt lat="45.766380" lon="6.126340">
						<ele>870</ele>
						<time>2025-03-18T19:20:13Z</time>
					</trkpt>
					<trkpt lat="45.765130" lon="6.125400">
						<ele>865</ele>
						<time>2025-03-18T19:20:38Z</time>
					</trkpt>
					<trkpt lat="45.765000" lon="6.125280">
						<ele>864</ele>
						<time>2025-03-18T19:20:41Z</time>
					</trkpt>
					<trkpt lat="45.764900" lon="6.125180">
						<ele>863</ele>
						<time>2025-03-18T19:20:43Z</time>
					</trkpt>
					<trkpt lat="45.764750" lon="6.124980">
						<ele>863</ele>
						<time>2025-03-18T19:20:47Z</time>
					</trkpt>
					<trkpt lat="45.764290" lon="6.124270">
						<ele>859</ele>
						<time>2025-03-18T19:20:59Z</time>
					</trkpt>
					<trkpt lat="45.764160" lon="6.124050">
						<ele>857</ele>
						<time>2025-03-18T19:21:03Z</time>
					</trkpt>
					<trkpt lat="45.764100" lon="6.123900">
						<ele>857</ele>
						<time>2025-03-18T19:21:05Z</time>
					</trkpt>
					<trkpt lat="45.764070" lon="6.123790">
						<ele>857</ele>
						<time>2025-03-18T19:21:06Z</time>
					</trkpt>
					<trkpt lat="45.764040" lon="6.123430">
						<ele>857</ele>
						<time>2025-03-18T19:21:11Z</time>
					</trkpt>
					<trkpt lat="45.764030" lon="6.123050">
						<ele>857</ele>
						<time>2025-03-18T19:21:15Z</time>
					</trkpt>
					<trkpt lat="45.763990" lon="6.122720">
						<ele>856</ele>
						<time>2025-03-18T19:21:20Z</time>
					</trkpt>
					<trkpt lat="45.763960" lon="6.122580">
						<ele>856</ele>
						<time>2025-03-18T19:21:21Z</time>
					</trkpt>
					<trkpt lat="45.763840" lon="6.122330">
						<ele>855</ele>
						<time>2025-03-18T19:21:25Z</time>
					</trkpt>
					<trkpt lat="45.763740" lon="6.122130">
						<ele>855</ele>
						<time>2025-03-18T19:21:28Z</time>
					</trkpt>
					<trkpt lat="45.763660" lon="6.122010">
						<ele>855</ele>
						<time>2025-03-18T19:21:30Z</time>
					</trkpt>
					<trkpt lat="45.763580" lon="6.121910">
						<ele>855</ele>
						<time>2025-03-18T19:21:32Z</time>
					</trkpt>
					<trkpt lat="45.763500" lon="6.121840">
						<ele>854</ele>
						<time>2025-03-18T19:21:34Z</time>
					</trkpt>
					<trkpt lat="45.763410" lon="6.121770">
						<ele>853</ele>
						<time>2025-03-18T19:21:36Z</time>
					</trkpt>
					<trkpt lat="45.761580" lon="6.120810">
						<ele>845</ele>
						<time>2025-03-18T19:22:10Z</time>
					</trkpt>
					<trkpt lat="45.761280" lon="6.120640">
						<ele>845</ele>
						<time>2025-03-18T19:22:16Z</time>
					</trkpt>
					<trkpt lat="45.761100" lon="6.120530">
						<ele>844</ele>
						<time>2025-03-18T19:22:20Z</time>
					</trkpt>
					<trkpt lat="45.760950" lon="6.120420">
						<ele>844</ele>
						<time>2025-03-18T19:22:23Z</time>
					</trkpt>
					<trkpt lat="45.760780" lon="6.120280">
						<ele>843</ele>
						<time>2025-03-18T19:22:26Z</time>
					</trkpt>
					<trkpt lat="45.760570" lon="6.120080">
						<ele>842</ele>
						<time>2025-03-18T19:22:31Z</time>
					</trkpt>
					<trkpt lat="45.760280" lon="6.119750">
						<ele>840</ele>
						<time>2025-03-18T19:22:37Z</time>
					</trkpt>
					<trkpt lat="45.759750" lon="6.119040">
						<ele>838</ele>
						<time>2025-03-18T19:22:50Z</time>
					</trkpt>
					<trkpt lat="45.759640" lon="6.118920">
						<ele>839</ele>
						<time>2025-03-18T19:22:53Z</time>
					</trkpt>
					<trkpt lat="45.759550" lon="6.118840">
						<ele>839</ele>
						<time>2025-03-18T19:22:54Z</time>
					</trkpt>
					<trkpt lat="45.759390" lon="6.118720">
						<ele>839</ele>
						<time>2025-03-18T19:22:58Z</time>
					</trkpt>
					<trkpt lat="45.758840" lon="6.118340">
						<ele>839</ele>
						<time>2025-03-18T19:23:08Z</time>
					</trkpt>
					<trkpt lat="45.758270" lon="6.117990">
						<ele>841</ele>
						<time>2025-03-18T19:23:20Z</time>
					</trkpt>
					<trkpt lat="45.757970" lon="6.117860">
						<ele>841</ele>
						<time>2025-03-18T19:23:25Z</time>
					</trkpt>
					<trkpt lat="45.757710" lon="6.117780">
						<ele>838</ele>
						<time>2025-03-18T19:23:30Z</time>
					</trkpt>
					<trkpt lat="45.757140" lon="6.117600">
						<ele>833</ele>
						<time>2025-03-18T19:23:40Z</time>
					</trkpt>
					<trkpt lat="45.755550" lon="6.117160">
						<ele>820</ele>
						<time>2025-03-18T19:24:09Z</time>
					</trkpt>
					<trkpt lat="45.755390" lon="6.117100">
						<ele>820</ele>
						<time>2025-03-18T19:24:12Z</time>
					</trkpt>
					<trkpt lat="45.755300" lon="6.117050">
						<ele>820</ele>
						<time>2025-03-18T19:24:14Z</time>
					</trkpt>
					<trkpt lat="45.755190" lon="6.116960">
						<ele>821</ele>
						<time>2025-03-18T19:24:16Z</time>
					</trkpt>
					<trkpt lat="45.754900" lon="6.116660">
						<ele>824</ele>
						<time>2025-03-18T19:24:22Z</time>
					</trkpt>
					<trkpt lat="45.754810" lon="6.116590">
						<ele>826</ele>
						<time>2025-03-18T19:24:24Z</time>
					</trkpt>
					<trkpt lat="45.754710" lon="6.116550">
						<ele>826</ele>
						<time>2025-03-18T19:24:26Z</time>
					</trkpt>
					<trkpt lat="45.754290" lon="6.116440">
						<ele>826</ele>
						<time>2025-03-18T19:24:34Z</time>
					</trkpt>
					<trkpt lat="45.754060" lon="6.116340">
						<ele>827</ele>
						<time>2025-03-18T19:24:38Z</time>
					</trkpt>
					<trkpt lat="45.753270" lon="6.115940">
						<ele>824</ele>
						<time>2025-03-18T19:24:53Z</time>
					</trkpt>
					<trkpt lat="45.753020" lon="6.115800">
						<ele>822</ele>
						<time>2025-03-18T19:24:58Z</time>
					</trkpt>
					<trkpt lat="45.752010" lon="6.115260">
						<ele>823</ele>
						<time>2025-03-18T19:25:17Z</time>
					</trkpt>
					<trkpt lat="45.751470" lon="6.114970">
						<ele>819</ele>
						<time>2025-03-18T19:25:27Z</time>
					</trkpt>
					<trkpt lat="45.750800" lon="6.114610">
						<ele>817</ele>
						<time>2025-03-18T19:25:40Z</time>
					</trkpt>
					<trkpt lat="45.750670" lon="6.114560">
						<ele>817</ele>
						<time>2025-03-18T19:25:42Z</time>
					</trkpt>
					<trkpt lat="45.749880" lon="6.114340">
						<ele>813</ele>
						<time>2025-03-18T19:25:56Z</time>
					</trkpt>
					<trkpt lat="45.749410" lon="6.114200">
						<ele>812</ele>
						<time>2025-03-18T19:26:05Z</time>
					</trkpt>
					<trkpt lat="45.749180" lon="6.114140">
						<ele>811</ele>
						<time>2025-03-18T19:26:09Z</time>
					</trkpt>
					<trkpt lat="45.749020" lon="6.114130">
						<ele>810</ele>
						<time>2025-03-18T19:26:12Z</time>
					</trkpt>
					<trkpt lat="45.748870" lon="6.114160">
						<ele>808</ele>
						<time>2025-03-18T19:26:15Z</time>
					</trkpt>
					<trkpt lat="45.748400" lon="6.114290">
						<ele>802</ele>
						<time>2025-03-18T19:26:23Z</time>
					</trkpt>
					<trkpt lat="45.748140" lon="6.114350">
						<ele>799</ele>
						<time>2025-03-18T19:26:28Z</time>
					</trkpt>
					<trkpt lat="45.747940" lon="6.114380">
						<ele>798</ele>
						<time>2025-03-18T19:26:31Z</time>
					</trkpt>
					<trkpt lat="45.747490" lon="6.114380">
						<ele>795</ele>
						<time>2025-03-18T19:26:39Z</time>
					</trkpt>
					<trkpt lat="45.747040" lon="6.114360">
						<ele>792</ele>
						<time>2025-03-18T19:26:47Z</time>
					</trkpt>
					<trkpt lat="45.746940" lon="6.114330">
						<ele>791</ele>
						<time>2025-03-18T19:26:49Z</time>
					</trkpt>
					<trkpt lat="45.746820" lon="6.114280">
						<ele>791</ele>
						<time>2025-03-18T19:26:51Z</time>
					</trkpt>
					<trkpt lat="45.746480" lon="6.114090">
						<ele>789</ele>
						<time>2025-03-18T19:26:58Z</time>
					</trkpt>
					<trkpt lat="45.746430" lon="6.114080">
						<ele>789</ele>
						<time>2025-03-18T19:26:59Z</time>
					</trkpt>
					<trkpt lat="45.746380" lon="6.114080">
						<ele>789</ele>
						<time>2025-03-18T19:27:00Z</time>
					</trkpt>
					<trkpt lat="45.746330" lon="6.114100">
						<ele>788</ele>
						<time>2025-03-18T19:27:01Z</time>
					</trkpt>
					<trkpt lat="45.746240" lon="6.114170">
						<ele>787</ele>
						<time>2025-03-18T19:27:03Z</time>
					</trkpt>
					<trkpt lat="45.746120" lon="6.114390">
						<ele>785</ele>
						<time>2025-03-18T19:27:06Z</time>
					</trkpt>
					<trkpt lat="45.746070" lon="6.114440">
						<ele>785</ele>
						<time>2025-03-18T19:27:07Z</time>
					</trkpt>
					<trkpt lat="45.746020" lon="6.114470">
						<ele>784</ele>
						<time>2025-03-18T19:27:08Z</time>
					</trkpt>
					<trkpt lat="45.745950" lon="6.114500">
						<ele>783</ele>
						<time>2025-03-18T19:27:09Z</time>
					</trkpt>
					<trkpt lat="45.745900" lon="6.114510">
						<ele>783</ele>
						<time>2025-03-18T19:27:10Z</time>
					</trkpt>
					<trkpt lat="45.745660" lon="6.114470">
						<ele>782</ele>
						<time>2025-03-18T19:27:15Z</time>
					</trkpt>
					<trkpt lat="45.745550" lon="6.114460">
						<ele>781</ele>
						<time>2025-03-18T19:27:16Z</time>
					</trkpt>
					<trkpt lat="45.745500" lon="6.114450">
						<ele>781</ele>
						<time>2025-03-18T19:27:17Z</time>
					</trkpt>
					<trkpt lat="45.745440" lon="6.114440">
						<ele>781</ele>
						<time>2025-03-18T19:27:18Z</time>
					</trkpt>
					<trkpt lat="45.744810" lon="6.114310">
						<ele>778</ele>
						<time>2025-03-18T19:27:30Z</time>
					</trkpt>
					<trkpt lat="45.744660" lon="6.114290">
						<ele>778</ele>
						<time>2025-03-18T19:27:32Z</time>
					</trkpt>
					<trkpt lat="45.744490" lon="6.114280">
						<ele>777</ele>
						<time>2025-03-18T19:27:35Z</time>
					</trkpt>
					<trkpt lat="45.744210" lon="6.114290">
						<ele>776</ele>
						<time>2025-03-18T19:27:40Z</time>
					</trkpt>
					<trkpt lat="45.744060" lon="6.114300">
						<ele>775</ele>
						<time>2025-03-18T19:27:43Z</time>
					</trkpt>
					<trkpt lat="45.744030" lon="6.114300">
						<ele>774</ele>
						<time>2025-03-18T19:27:44Z</time>
					</trkpt>
					<trkpt lat="45.743620" lon="6.114310">
						<ele>772</ele>
						<time>2025-03-18T19:27:51Z</time>
					</trkpt>
					<trkpt lat="45.743540" lon="6.114300">
						<ele>771</ele>
						<time>2025-03-18T19:27:52Z</time>
					</trkpt>
					<trkpt lat="45.743440" lon="6.114260">
						<ele>771</ele>
						<time>2025-03-18T19:27:54Z</time>
					</trkpt>
					<trkpt lat="45.743280" lon="6.114170">
						<ele>770</ele>
						<time>2025-03-18T19:27:57Z</time>
					</trkpt>
					<trkpt lat="45.742620" lon="6.113840">
						<ele>766</ele>
						<time>2025-03-18T19:28:10Z</time>
					</trkpt>
					<trkpt lat="45.742490" lon="6.113740">
						<ele>765</ele>
						<time>2025-03-18T19:28:12Z</time>
					</trkpt>
					<trkpt lat="45.742390" lon="6.113660">
						<ele>764</ele>
						<time>2025-03-18T19:28:14Z</time>
					</trkpt>
					<trkpt lat="45.741320" lon="6.112730">
						<ele>757</ele>
						<time>2025-03-18T19:28:37Z</time>
					</trkpt>
					<trkpt lat="45.741230" lon="6.112650">
						<ele>757</ele>
						<time>2025-03-18T19:28:39Z</time>
					</trkpt>
					<trkpt lat="45.741160" lon="6.112610">
						<ele>757</ele>
						<time>2025-03-18T19:28:40Z</time>
					</trkpt>
					<trkpt lat="45.741090" lon="6.112590">
						<ele>756</ele>
						<time>2025-03-18T19:28:41Z</time>
					</trkpt>
					<trkpt lat="45.741020" lon="6.112580">
						<ele>756</ele>
						<time>2025-03-18T19:28:42Z</time>
					</trkpt>
					<trkpt lat="45.740890" lon="6.112600">
						<ele>754</ele>
						<time>2025-03-18T19:28:45Z</time>
					</trkpt>
					<trkpt lat="45.740470" lon="6.112760">
						<ele>749</ele>
						<time>2025-03-18T19:28:52Z</time>
					</trkpt>
					<trkpt lat="45.740320" lon="6.112790">
						<ele>747</ele>
						<time>2025-03-18T19:28:55Z</time>
					</trkpt>
					<trkpt lat="45.739380" lon="6.112710">
						<ele>741</ele>
						<time>2025-03-18T19:29:12Z</time>
					</trkpt>
					<trkpt lat="45.739250" lon="6.112660">
						<ele>741</ele>
						<time>2025-03-18T19:29:14Z</time>
					</trkpt>
					<trkpt lat="45.739180" lon="6.112620">
						<ele>741</ele>
						<time>2025-03-18T19:29:16Z</time>
					</trkpt>
					<trkpt lat="45.738740" lon="6.112280">
						<ele>738</ele>
						<time>2025-03-18T19:29:25Z</time>
					</trkpt>
					<trkpt lat="45.738680" lon="6.112210">
						<ele>738</ele>
						<time>2025-03-18T19:29:26Z</time>
					</trkpt>
					<trkpt lat="45.738630" lon="6.112140">
						<ele>737</ele>
						<time>2025-03-18T19:29:27Z</time>
					</trkpt>
					<trkpt lat="45.738590" lon="6.112050">
						<ele>737</ele>
						<time>2025-03-18T19:29:29Z</time>
					</trkpt>
					<trkpt lat="45.738560" lon="6.111950">
						<ele>737</ele>
						<time>2025-03-18T19:29:30Z</time>
					</trkpt>
					<trkpt lat="45.738530" lon="6.111800">
						<ele>737</ele>
						<time>2025-03-18T19:29:32Z</time>
					</trkpt>
					<trkpt lat="45.738460" lon="6.111370">
						<ele>736</ele>
						<time>2025-03-18T19:29:37Z</time>
					</trkpt>
					<trkpt lat="45.738410" lon="6.110900">
						<ele>734</ele>
						<time>2025-03-18T19:29:43Z</time>
					</trkpt>
					<trkpt lat="45.738390" lon="6.110850">
						<ele>734</ele>
						<time>2025-03-18T19:29:44Z</time>
					</trkpt>
					<trkpt lat="45.738360" lon="6.110810">
						<ele>734</ele>
						<time>2025-03-18T19:29:45Z</time>
					</trkpt>
					<trkpt lat="45.738330" lon="6.110780">
						<ele>733</ele>
						<time>2025-03-18T19:29:45Z</time>
					</trkpt>
					<trkpt lat="45.738250" lon="6.110780">
						<ele>733</ele>
						<time>2025-03-18T19:29:47Z</time>
					</trkpt>
					<trkpt lat="45.738220" lon="6.110800">
						<ele>733</ele>
						<time>2025-03-18T19:29:47Z</time>
					</trkpt>
					<trkpt lat="45.738190" lon="6.110840">
						<ele>732</ele>
						<time>2025-03-18T19:29:48Z</time>
					</trkpt>
					<trkpt lat="45.738160" lon="6.110900">
						<ele>732</ele>
						<time>2025-03-18T19:29:49Z</time>
					</trkpt>
					<trkpt lat="45.738150" lon="6.110980">
						<ele>732</ele>
						<time>2025-03-18T19:29:50Z</time>
					</trkpt>
					<trkpt lat="45.738120" lon="6.111260">
						<ele>732</ele>
						<time>2025-03-18T19:29:53Z</time>
					</trkpt>
					<trkpt lat="45.738100" lon="6.111360">
						<ele>732</ele>
						<time>2025-03-18T19:29:55Z</time>
					</trkpt>
					<trkpt lat="45.738060" lon="6.111520">
						<ele>731</ele>
						<time>2025-03-18T19:29:57Z</time>
					</trkpt>
					<trkpt lat="45.737860" lon="6.112150">
						<ele>728</ele>
						<time>2025-03-18T19:30:05Z</time>
					</trkpt>
					<trkpt lat="45.737780" lon="6.112380">
						<ele>726</ele>
						<time>2025-03-18T19:30:09Z</time>
					</trkpt>
					<trkpt lat="45.737740" lon="6.112460">
						<ele>725</ele>
						<time>2025-03-18T19:30:10Z</time>
					</trkpt>
					<trkpt lat="45.737700" lon="6.112530">
						<ele>724</ele>
						<time>2025-03-18T19:30:11Z</time>
					</trkpt>
					<trkpt lat="45.737650" lon="6.112590">
						<ele>723</ele>
						<time>2025-03-18T19:30:12Z</time>
					</trkpt>
					<trkpt lat="45.737540" lon="6.112650">
						<ele>722</ele>
						<time>2025-03-18T19:30:14Z</time>
					</trkpt>
					<trkpt lat="45.737480" lon="6.112660">
						<ele>721</ele>
						<time>2025-03-18T19:30:15Z</time>
					</trkpt>
					<trkpt lat="45.737240" lon="6.112650">
						<ele>720</ele>
						<time>2025-03-18T19:30:20Z</time>
					</trkpt>
					<trkpt lat="45.736790" lon="6.112620">
						<ele>718</ele>
						<time>2025-03-18T19:30:28Z</time>
					</trkpt>
					<trkpt lat="45.736680" lon="6.112620">
						<ele>717</ele>
						<time>2025-03-18T19:30:30Z</time>
					</trkpt>
					<trkpt lat="45.736600" lon="6.112630">
						<ele>717</ele>
						<time>2025-03-18T19:30:31Z</time>
					</trkpt>
					<trkpt lat="45.736450" lon="6.112690">
						<ele>717</ele>
						<time>2025-03-18T19:30:34Z</time>
					</trkpt>
					<trkpt lat="45.736230" lon="6.112880">
						<ele>716</ele>
						<time>2025-03-18T19:30:38Z</time>
					</trkpt>
					<trkpt lat="45.736150" lon="6.112930">
						<ele>715</ele>
						<time>2025-03-18T19:30:40Z</time>
					</trkpt>
					<trkpt lat="45.736080" lon="6.112950">
						<ele>715</ele>
						<time>2025-03-18T19:30:41Z</time>
					</trkpt>
					<trkpt lat="45.736010" lon="6.112960">
						<ele>715</ele>
						<time>2025-03-18T19:30:42Z</time>
					</trkpt>
					<trkpt lat="45.735840" lon="6.112940">
						<ele>715</ele>
						<time>2025-03-18T19:30:45Z</time>
					</trkpt>
					<trkpt lat="45.735720" lon="6.112910">
						<ele>715</ele>
						<time>2025-03-18T19:30:48Z</time>
					</trkpt>
					<trkpt lat="45.735430" lon="6.112770">
						<ele>714</ele>
						<time>2025-03-18T19:30:53Z</time>
					</trkpt>
					<trkpt lat="45.735120" lon="6.112590">
						<ele>713</ele>
						<time>2025-03-18T19:30:59Z</time>
					</trkpt>
					<trkpt lat="45.734920" lon="6.112430">
						<ele>713</ele>
						<time>2025-03-18T19:31:03Z</time>
					</trkpt>
					<trkpt lat="45.734830" lon="6.112310">
						<ele>713</ele>
						<time>2025-03-18T19:31:05Z</time>
					</trkpt>
					<trkpt lat="45.734760" lon="6.112200">
						<ele>713</ele>
						<time>2025-03-18T19:31:07Z</time>
					</trkpt>
					<trkpt lat="45.734470" lon="6.111570">
						<ele>714</ele>
						<time>2025-03-18T19:31:17Z</time>
					</trkpt>
					<trkpt lat="45.734380" lon="6.111380">
						<ele>712</ele>
						<time>2025-03-18T19:31:19Z</time>
					</trkpt>
					<trkpt lat="45.734300" lon="6.111250">
						<ele>710</ele>
						<time>2025-03-18T19:31:22Z</time>
					</trkpt>
					<trkpt lat="45.734230" lon="6.111160">
						<ele>709</ele>
						<time>2025-03-18T19:31:23Z</time>
					</trkpt>
					<trkpt lat="45.733620" lon="6.110620">
						<ele>698</ele>
						<time>2025-03-18T19:31:36Z</time>
					</trkpt>
					<trkpt lat="45.733500" lon="6.110540">
						<ele>696</ele>
						<time>2025-03-18T19:31:38Z</time>
					</trkpt>
					<trkpt lat="45.733360" lon="6.110470">
						<ele>693</ele>
						<time>2025-03-18T19:31:41Z</time>
					</trkpt>
					<trkpt lat="45.732180" lon="6.109970">
						<ele>685</ele>
						<time>2025-03-18T19:32:03Z</time>
					</trkpt>
					<trkpt lat="45.731500" lon="6.109570">
						<ele>681</ele>
						<time>2025-03-18T19:32:16Z</time>
					</trkpt>
					<trkpt lat="45.731120" lon="6.109340">
						<ele>677</ele>
						<time>2025-03-18T19:32:23Z</time>
					</trkpt>
					<trkpt lat="45.730900" lon="6.109190">
						<ele>675</ele>
						<time>2025-03-18T19:32:28Z</time>
					</trkpt>
					<trkpt lat="45.730800" lon="6.109100">
						<ele>674</ele>
						<time>2025-03-18T19:32:30Z</time>
					</trkpt>
					<trkpt lat="45.730720" lon="6.109010">
						<ele>674</ele>
						<time>2025-03-18T19:32:32Z</time>
					</trkpt>
					<trkpt lat="45.730660" lon="6.108920">
						<ele>674</ele>
						<time>2025-03-18T19:32:33Z</time>
					</trkpt>
					<trkpt lat="45.730550" lon="6.108670">
						<ele>676</ele>
						<time>2025-03-18T19:32:37Z</time>
					</trkpt>
					<trkpt lat="45.730350" lon="6.108030">
						<ele>679</ele>
						<time>2025-03-18T19:32:45Z</time>
					</trkpt>
					<trkpt lat="45.730300" lon="6.107870">
						<ele>678</ele>
						<time>2025-03-18T19:32:48Z</time>
					</trkpt>
					<trkpt lat="45.730240" lon="6.107760">
						<ele>678</ele>
						<time>2025-03-18T19:32:49Z</time>
					</trkpt>
					<trkpt lat="45.730040" lon="6.107480">
						<ele>676</ele>
						<time>2025-03-18T19:32:54Z</time>
					</trkpt>
					<trkpt lat="45.729780" lon="6.107140">
						<ele>672</ele>
						<time>2025-03-18T19:33:01Z</time>
					</trkpt>
					<trkpt lat="45.728420" lon="6.105280">
						<ele>663</ele>
						<time>2025-03-18T19:33:34Z</time>
					</trkpt>
					<trkpt lat="45.728300" lon="6.105150">
						<ele>663</ele>
						<time>2025-03-18T19:33:37Z</time>
					</trkpt>
					<trkpt lat="45.728250" lon="6.105110">
						<ele>663</ele>
						<time>2025-03-18T19:33:38Z</time>
					</trkpt>
					<trkpt lat="45.728140" lon="6.105070">
						<ele>662</ele>
						<time>2025-03-18T19:33:40Z</time>
					</trkpt>
					<trkpt lat="45.728050" lon="6.105070">
						<ele>661</ele>
						<time>2025-03-18T19:33:41Z</time>
					</trkpt>
					<trkpt lat="45.726670" lon="6.105580">
						<ele>644</ele>
						<time>2025-03-18T19:34:07Z</time>
					</trkpt>
					<trkpt lat="45.726440" lon="6.105660">
						<ele>644</ele>
						<time>2025-03-18T19:34:11Z</time>
					</trkpt>
					<trkpt lat="45.726200" lon="6.105730">
						<ele>643</ele>
						<time>2025-03-18T19:34:15Z</time>
					</trkpt>
					<trkpt lat="45.726070" lon="6.105720">
						<ele>643</ele>
						<time>2025-03-18T19:34:18Z</time>
					</trkpt>
					<trkpt lat="45.725960" lon="6.105710">
						<ele>643</ele>
						<time>2025-03-18T19:34:20Z</time>
					</trkpt>
					<trkpt lat="45.724030" lon="6.104940">
						<ele>631</ele>
						<time>2025-03-18T19:34:55Z</time>
					</trkpt>
					<trkpt lat="45.723650" lon="6.104790">
						<ele>630</ele>
						<time>2025-03-18T19:35:02Z</time>
					</trkpt>
					<trkpt lat="45.723030" lon="6.104600">
						<ele>625</ele>
						<time>2025-03-18T19:35:13Z</time>
					</trkpt>
					<trkpt lat="45.722880" lon="6.104530">
						<ele>623</ele>
						<time>2025-03-18T19:35:16Z</time>
					</trkpt>
					<trkpt lat="45.722770" lon="6.104430">
						<ele>623</ele>
						<time>2025-03-18T19:35:19Z</time>
					</trkpt>
					<trkpt lat="45.722670" lon="6.104280">
						<ele>624</ele>
						<time>2025-03-18T19:35:21Z</time>
					</trkpt>
					<trkpt lat="45.722380" lon="6.103800">
						<ele>622</ele>
						<time>2025-03-18T19:35:29Z</time>
					</trkpt>
					<trkpt lat="45.722320" lon="6.103670">
						<ele>621</ele>
						<time>2025-03-18T19:35:31Z</time>
					</trkpt>
					<trkpt lat="45.722290" lon="6.103550">
						<ele>621</ele>
						<time>2025-03-18T19:35:33Z</time>
					</trkpt>
					<trkpt lat="45.722280" lon="6.103450">
						<ele>621</ele>
						<time>2025-03-18T19:35:34Z</time>
					</trkpt>
					<trkpt lat="45.722270" lon="6.103320">
						<ele>621</ele>
						<time>2025-03-18T19:35:35Z</time>
					</trkpt>
					<trkpt lat="45.722290" lon="6.103080">
						<ele>619</ele>
						<time>2025-03-18T19:35:38Z</time>
					</trkpt>
					<trkpt lat="45.722320" lon="6.102970">
						<ele>619</ele>
						<time>2025-03-18T19:35:40Z</time>
					</trkpt>
					<trkpt lat="45.722370" lon="6.102840">
						<ele>618</ele>
						<time>2025-03-18T19:35:42Z</time>
					</trkpt>
					<trkpt lat="45.722440" lon="6.102730">
						<ele>619</ele>
						<time>2025-03-18T19:35:44Z</time>
					</trkpt>
					<trkpt lat="45.722510" lon="6.102660">
						<ele>619</ele>
						<time>2025-03-18T19:35:45Z</time>
					</trkpt>
					<trkpt lat="45.722600" lon="6.102600">
						<ele>620</ele>
						<time>2025-03-18T19:35:47Z</time>
					</trkpt>
					<trkpt lat="45.722720" lon="6.102540">
						<ele>621</ele>
						<time>2025-03-18T19:35:49Z</time>
					</trkpt>
					<trkpt lat="45.722770" lon="6.102500">
						<ele>622</ele>
						<time>2025-03-18T19:35:50Z</time>
					</trkpt>
					<trkpt lat="45.722800" lon="6.102440">
						<ele>622</ele>
						<time>2025-03-18T19:35:51Z</time>
					</trkpt>
					<trkpt lat="45.722810" lon="6.102400">
						<ele>622</ele>
						<time>2025-03-18T19:35:52Z</time>
					</trkpt>
					<trkpt lat="45.722810" lon="6.102270">
						<ele>621</ele>
						<time>2025-03-18T19:35:53Z</time>
					</trkpt>
					<trkpt lat="45.722760" lon="6.102130">
						<ele>619</ele>
						<time>2025-03-18T19:35:55Z</time>
					</trkpt>
					<trkpt lat="45.722730" lon="6.102090">
						<ele>618</ele>
						<time>2025-03-18T19:35:56Z</time>
					</trkpt>
					<trkpt lat="45.722660" lon="6.102040">
						<ele>617</ele>
						<time>2025-03-18T19:35:57Z</time>
					</trkpt>
					<trkpt lat="45.722690" lon="6.101890">
						<ele>616</ele>
						<time>2025-03-18T19:35:59Z</time>
					</trkpt>
					<trkpt lat="45.722700" lon="6.101790">
						<ele>616</ele>
						<time>2025-03-18T19:36:01Z</time>
					</trkpt>
					<trkpt lat="45.722700" lon="6.101700">
						<ele>615</ele>
						<time>2025-03-18T19:36:02Z</time>
					</trkpt>
					<trkpt lat="45.722680" lon="6.101470">
						<ele>615</ele>
						<time>2025-03-18T19:36:05Z</time>
					</trkpt>
					<trkpt lat="45.722650" lon="6.101360">
						<ele>615</ele>
						<time>2025-03-18T19:36:06Z</time>
					</trkpt>
					<trkpt lat="45.722620" lon="6.101280">
						<ele>615</ele>
						<time>2025-03-18T19:36:07Z</time>
					</trkpt>
					<trkpt lat="45.722580" lon="6.101200">
						<ele>615</ele>
						<time>2025-03-18T19:36:08Z</time>
					</trkpt>
					<trkpt lat="45.722540" lon="6.101130">
						<ele>615</ele>
						<time>2025-03-18T19:36:09Z</time>
					</trkpt>
					<trkpt lat="45.722480" lon="6.101050">
						<ele>615</ele>
						<time>2025-03-18T19:36:11Z</time>
					</trkpt>
					<trkpt lat="45.722300" lon="6.100900">
						<ele>614</ele>
						<time>2025-03-18T19:36:15Z</time>
					</trkpt>
					<trkpt lat="45.722240" lon="6.100820">
						<ele>614</ele>
						<time>2025-03-18T19:36:16Z</time>
					</trkpt>
					<trkpt lat="45.722200" lon="6.100730">
						<ele>613</ele>
						<time>2025-03-18T19:36:17Z</time>
					</trkpt>
					<trkpt lat="45.722140" lon="6.100600">
						<ele>612</ele>
						<time>2025-03-18T19:36:19Z</time>
					</trkpt>
					<trkpt lat="45.722110" lon="6.100480">
						<ele>612</ele>
						<time>2025-03-18T19:36:21Z</time>
					</trkpt>
					<trkpt lat="45.722060" lon="6.099990">
						<ele>611</ele>
						<time>2025-03-18T19:36:27Z</time>
					</trkpt>
					<trkpt lat="45.722050" lon="6.099780">
						<ele>610</ele>
						<time>2025-03-18T19:36:30Z</time>
					</trkpt>
					<trkpt lat="45.722050" lon="6.099650">
						<ele>610</ele>
						<time>2025-03-18T19:36:31Z</time>
					</trkpt>
					<trkpt lat="45.722070" lon="6.099530">
						<ele>610</ele>
						<time>2025-03-18T19:36:33Z</time>
					</trkpt>
					<trkpt lat="45.722100" lon="6.099310">
						<ele>609</ele>
						<time>2025-03-18T19:36:36Z</time>
					</trkpt>
					<trkpt lat="45.722130" lon="6.099200">
						<ele>609</ele>
						<time>2025-03-18T19:36:37Z</time>
					</trkpt>
					<trkpt lat="45.722170" lon="6.099100">
						<ele>609</ele>
						<time>2025-03-18T19:36:39Z</time>
					</trkpt>
					<trkpt lat="45.722280" lon="6.098920">
						<ele>608</ele>
						<time>2025-03-18T19:36:42Z</time>
					</trkpt>
					<trkpt lat="45.722370" lon="6.098820">
						<ele>608</ele>
						<time>2025-03-18T19:36:44Z</time>
					</trkpt>
					<trkpt lat="45.722520" lon="6.098690">
						<ele>606</ele>
						<time>2025-03-18T19:36:47Z</time>
					</trkpt>
					<trkpt lat="45.722660" lon="6.098570">
						<ele>607</ele>
						<time>2025-03-18T19:36:50Z</time>
					</trkpt>
					<trkpt lat="45.722790" lon="6.098410">
						<ele>608</ele>
						<time>2025-03-18T19:36:53Z</time>
					</trkpt>
					<trkpt lat="45.723360" lon="6.097330">
						<ele>601</ele>
						<time>2025-03-18T19:37:09Z</time>
					</trkpt>
					<trkpt lat="45.723850" lon="6.096520">
						<ele>603</ele>
						<time>2025-03-18T19:37:23Z</time>
					</trkpt>
					<trkpt lat="45.724070" lon="6.096230">
						<ele>602</ele>
						<time>2025-03-18T19:37:28Z</time>
					</trkpt>
					<trkpt lat="45.724320" lon="6.095920">
						<ele>597</ele>
						<time>2025-03-18T19:37:34Z</time>
					</trkpt>
					<trkpt lat="45.725000" lon="6.095130">
						<ele>589</ele>
						<time>2025-03-18T19:37:50Z</time>
					</trkpt>
					<trkpt lat="45.725130" lon="6.095020">
						<ele>584</ele>
						<time>2025-03-18T19:37:52Z</time>
					</trkpt>
					<trkpt lat="45.725250" lon="6.094970">
						<ele>582</ele>
						<time>2025-03-18T19:37:54Z</time>
					</trkpt>
					<trkpt lat="45.725380" lon="6.094940">
						<ele>581</ele>
						<time>2025-03-18T19:37:57Z</time>
					</trkpt>
					<trkpt lat="45.725500" lon="6.094950">
						<ele>580</ele>
						<time>2025-03-18T19:37:59Z</time>
					</trkpt>
					<trkpt lat="45.725570" lon="6.094980">
						<ele>579</ele>
						<time>2025-03-18T19:38:00Z</time>
					</trkpt>
					<trkpt lat="45.725790" lon="6.095170">
						<ele>581</ele>
						<time>2025-03-18T19:38:05Z</time>
					</trkpt>
					<trkpt lat="45.725980" lon="6.095320">
						<ele>584</ele>
						<time>2025-03-18T19:38:09Z</time>
					</trkpt>
					<trkpt lat="45.726080" lon="6.095360">
						<ele>584</ele>
						<time>2025-03-18T19:38:10Z</time>
					</trkpt>
					<trkpt lat="45.727030" lon="6.095550">
						<ele>582</ele>
						<time>2025-03-18T19:38:28Z</time>
					</trkpt>
					<trkpt lat="45.727610" lon="6.095640">
						<ele>585</ele>
						<time>2025-03-18T19:38:38Z</time>
					</trkpt>
					<trkpt lat="45.728020" lon="6.095710">
						<ele>589</ele>
						<time>2025-03-18T19:38:45Z</time>
					</trkpt>
					<trkpt lat="45.728100" lon="6.095700">
						<ele>589</ele>
						<time>2025-03-18T19:38:47Z</time>
					</trkpt>
					<trkpt lat="45.728140" lon="6.095690">
						<ele>589</ele>
						<time>2025-03-18T19:38:47Z</time>
					</trkpt>
					<trkpt lat="45.728340" lon="6.095610">
						<ele>588</ele>
						<time>2025-03-18T19:38:51Z</time>
					</trkpt>
					<trkpt lat="45.728760" lon="6.095280">
						<ele>579</ele>
						<time>2025-03-18T19:39:00Z</time>
					</trkpt>
					<trkpt lat="45.728900" lon="6.095220">
						<ele>578</ele>
						<time>2025-03-18T19:39:02Z</time>
					</trkpt>
					<trkpt lat="45.729050" lon="6.095180">
						<ele>577</ele>
						<time>2025-03-18T19:39:05Z</time>
					</trkpt>
					<trkpt lat="45.729290" lon="6.095170">
						<ele>577</ele>
						<time>2025-03-18T19:39:09Z</time>
					</trkpt>
					<trkpt lat="45.729440" lon="6.095180">
						<ele>577</ele>
						<time>2025-03-18T19:39:12Z</time>
					</trkpt>
					<trkpt lat="45.729520" lon="6.095210">
						<ele>577</ele>
						<time>2025-03-18T19:39:13Z</time>
					</trkpt>
					<trkpt lat="45.729590" lon="6.095240">
						<ele>577</ele>
						<time>2025-03-18T19:39:15Z</time>
					</trkpt>
					<trkpt lat="45.729740" lon="6.095350">
						<ele>579</ele>
						<time>2025-03-18T19:39:18Z</time>
					</trkpt>
					<trkpt lat="45.730950" lon="6.096270">
						<ele>590</ele>
						<time>2025-03-18T19:39:42Z</time>
					</trkpt>
					<trkpt lat="45.732070" lon="6.096600">
						<ele>581</ele>
						<time>2025-03-18T19:40:02Z</time>
					</trkpt>
					<trkpt lat="45.732890" lon="6.096850">
						<ele>576</ele>
						<time>2025-03-18T19:40:17Z</time>
					</trkpt>
					<trkpt lat="45.733070" lon="6.096910">
						<ele>575</ele>
						<time>2025-03-18T19:40:21Z</time>
					</trkpt>
					<trkpt lat="45.733280" lon="6.097030">
						<ele>573</ele>
						<time>2025-03-18T19:40:25Z</time>
					</trkpt>
					<trkpt lat="45.733610" lon="6.097340">
						<ele>571</ele>
						<time>2025-03-18T19:40:32Z</time>
					</trkpt>
					<trkpt lat="45.733720" lon="6.097470">
						<ele>570</ele>
						<time>2025-03-18T19:40:34Z</time>
					</trkpt>
					<trkpt lat="45.733930" lon="6.097660">
						<ele>570</ele>
						<time>2025-03-18T19:40:39Z</time>
					</trkpt>
					<trkpt lat="45.734320" lon="6.097850">
						<ele>569</ele>
						<time>2025-03-18T19:40:46Z</time>
					</trkpt>
					<trkpt lat="45.734740" lon="6.098000">
						<ele>569</ele>
						<time>2025-03-18T19:40:54Z</time>
					</trkpt>
					<trkpt lat="45.735140" lon="6.098100">
						<ele>569</ele>
						<time>2025-03-18T19:41:01Z</time>
					</trkpt>
					<trkpt lat="45.735580" lon="6.098110">
						<ele>569</ele>
						<time>2025-03-18T19:41:09Z</time>
					</trkpt>
					<trkpt lat="45.736080" lon="6.098110">
						<ele>569</ele>
						<time>2025-03-18T19:41:18Z</time>
					</trkpt>
					<trkpt lat="45.737300" lon="6.098090">
						<ele>570</ele>
						<time>2025-03-18T19:41:39Z</time>
					</trkpt>
					<trkpt lat="45.738470" lon="6.098060">
						<ele>563</ele>
						<time>2025-03-18T19:42:00Z</time>
					</trkpt>
					<trkpt lat="45.739440" lon="6.098040">
						<ele>562</ele>
						<time>2025-03-18T19:42:17Z</time>
					</trkpt>
					<trkpt lat="45.739790" lon="6.098100">
						<ele>563</ele>
						<time>2025-03-18T19:42:24Z</time>
					</trkpt>
					<trkpt lat="45.740100" lon="6.098220">
						<ele>564</ele>
						<time>2025-03-18T19:42:29Z</time>
					</trkpt>
					<trkpt lat="45.740580" lon="6.098390">
						<ele>568</ele>
						<time>2025-03-18T19:42:38Z</time>
					</trkpt>
					<trkpt lat="45.740870" lon="6.098450">
						<ele>571</ele>
						<time>2025-03-18T19:42:43Z</time>
					</trkpt>
					<trkpt lat="45.741130" lon="6.098420">
						<ele>574</ele>
						<time>2025-03-18T19:42:48Z</time>
					</trkpt>
					<trkpt lat="45.741720" lon="6.098220">
						<ele>575</ele>
						<time>2025-03-18T19:42:59Z</time>
					</trkpt>
					<trkpt lat="45.742060" lon="6.098060">
						<ele>575</ele>
						<time>2025-03-18T19:43:05Z</time>
					</trkpt>
					<trkpt lat="45.742370" lon="6.097840">
						<ele>571</ele>
						<time>2025-03-18T19:43:11Z</time>
					</trkpt>
					<trkpt lat="45.742870" lon="6.097390">
						<ele>567</ele>
						<time>2025-03-18T19:43:22Z</time>
					</trkpt>
					<trkpt lat="45.743610" lon="6.096570">
						<ele>570</ele>
						<time>2025-03-18T19:43:38Z</time>
					</trkpt>
					<trkpt lat="45.743720" lon="6.096430">
						<ele>571</ele>
						<time>2025-03-18T19:43:41Z</time>
					</trkpt>
					<trkpt lat="45.743760" lon="6.096060">
						<ele>566</ele>
						<time>2025-03-18T19:43:46Z</time>
					</trkpt>
					<trkpt lat="45.744280" lon="6.095570">
						<ele>567</ele>
						<time>2025-03-18T19:43:57Z</time>
					</trkpt>
					<trkpt lat="45.744540" lon="6.095070">
						<ele>564</ele>
						<time>2025-03-18T19:44:05Z</time>
					</trkpt>
					<trkpt lat="45.744660" lon="6.094770">
						<ele>563</ele>
						<time>2025-03-18T19:44:09Z</time>
					</trkpt>
					<trkpt lat="45.744700" lon="6.094640">
						<ele>563</ele>
						<time>2025-03-18T19:44:11Z</time>
					</trkpt>
					<trkpt lat="45.744730" lon="6.094540">
						<ele>562</ele>
						<time>2025-03-18T19:44:12Z</time>
					</trkpt>
					<trkpt lat="45.744740" lon="6.094370">
						<ele>561</ele>
						<time>2025-03-18T19:44:14Z</time>
					</trkpt>
					<trkpt lat="45.744680" lon="6.093840">
						<ele>565</ele>
						<time>2025-03-18T19:44:21Z</time>
					</trkpt>
					<trkpt lat="45.744680" lon="6.093720">
						<ele>567</ele>
						<time>2025-03-18T19:44:22Z</time>
					</trkpt>
					<trkpt lat="45.744690" lon="6.093580">
						<ele>570</ele>
						<time>2025-03-18T19:44:24Z</time>
					</trkpt>
					<trkpt lat="45.744710" lon="6.093470">
						<ele>571</ele>
						<time>2025-03-18T19:44:25Z</time>
					</trkpt>
					<trkpt lat="45.744750" lon="6.093340">
						<ele>572</ele>
						<time>2025-03-18T19:44:27Z</time>
					</trkpt>
					<trkpt lat="45.744820" lon="6.093200">
						<ele>573</ele>
						<time>2025-03-18T19:44:29Z</time>
					</trkpt>
					<trkpt lat="45.745260" lon="6.092560">
						<ele>573</ele>
						<time>2025-03-18T19:44:40Z</time>
					</trkpt>
					<trkpt lat="45.745380" lon="6.092300">
						<ele>575</ele>
						<time>2025-03-18T19:44:44Z</time>
					</trkpt>
					<trkpt lat="45.745450" lon="6.092150">
						<ele>576</ele>
						<time>2025-03-18T19:44:47Z</time>
					</trkpt>
					<trkpt lat="45.745560" lon="6.091840">
						<ele>576</ele>
						<time>2025-03-18T19:44:51Z</time>
					</trkpt>
					<trkpt lat="45.745710" lon="6.091360">
						<ele>576</ele>
						<time>2025-03-18T19:44:57Z</time>
					</trkpt>
					<trkpt lat="45.745980" lon="6.090210">
						<ele>581</ele>
						<time>2025-03-18T19:45:12Z</time>
					</trkpt>
					<trkpt lat="45.746040" lon="6.089910">
						<ele>581</ele>
						<time>2025-03-18T19:45:16Z</time>
					</trkpt>
					<trkpt lat="45.746170" lon="6.089140">
						<ele>579</ele>
						<time>2025-03-18T19:45:26Z</time>
					</trkpt>
					<trkpt lat="45.746270" lon="6.088800">
						<ele>576</ele>
						<time>2025-03-18T19:45:31Z</time>
					</trkpt>
					<trkpt lat="45.746340" lon="6.088620">
						<ele>574</ele>
						<time>2025-03-18T19:45:33Z</time>
					</trkpt>
					<trkpt lat="45.746410" lon="6.088360">
						<ele>572</ele>
						<time>2025-03-18T19:45:37Z</time>
					</trkpt>
					<trkpt lat="45.746450" lon="6.088070">
						<ele>571</ele>
						<time>2025-03-18T19:45:40Z</time>
					</trkpt>
					<trkpt lat="45.746460" lon="6.087820">
						<ele>571</ele>
						<time>2025-03-18T19:45:44Z</time>
					</trkpt>
					<trkpt lat="45.746450" lon="6.087530">
						<ele>573</ele>
						<time>2025-03-18T19:45:47Z</time>
					</trkpt>
					<trkpt lat="45.746410" lon="6.087140">
						<ele>575</ele>
						<time>2025-03-18T19:45:52Z</time>
					</trkpt>
					<trkpt lat="45.746380" lon="6.086880">
						<ele>576</ele>
						<time>2025-03-18T19:45:55Z</time>
					</trkpt>
					<trkpt lat="45.746290" lon="6.086600">
						<ele>580</ele>
						<time>2025-03-18T19:45:59Z</time>
					</trkpt>
					<trkpt lat="45.746210" lon="6.086280">
						<ele>583</ele>
						<time>2025-03-18T19:46:03Z</time>
					</trkpt>
					<trkpt lat="45.746180" lon="6.086010">
						<ele>584</ele>
						<time>2025-03-18T19:46:07Z</time>
					</trkpt>
					<trkpt lat="45.746170" lon="6.085360">
						<ele>586</ele>
						<time>2025-03-18T19:46:15Z</time>
					</trkpt>
					<trkpt lat="45.746180" lon="6.085170">
						<ele>587</ele>
						<time>2025-03-18T19:46:17Z</time>
					</trkpt>
					<trkpt lat="45.746210" lon="6.085000">
						<ele>586</ele>
						<time>2025-03-18T19:46:19Z</time>
					</trkpt>
					<trkpt lat="45.746380" lon="6.084480">
						<ele>582</ele>
						<time>2025-03-18T19:46:27Z</time>
					</trkpt>
					<trkpt lat="45.746430" lon="6.084220">
						<ele>582</ele>
						<time>2025-03-18T19:46:30Z</time>
					</trkpt>
					<trkpt lat="45.746520" lon="6.083130">
						<ele>585</ele>
						<time>2025-03-18T19:46:44Z</time>
					</trkpt>
					<trkpt lat="45.746540" lon="6.082850">
						<ele>588</ele>
						<time>2025-03-18T19:46:47Z</time>
					</trkpt>
					<trkpt lat="45.746500" lon="6.082530">
						<ele>593</ele>
						<time>2025-03-18T19:46:51Z</time>
					</trkpt>
					<trkpt lat="45.746490" lon="6.082280">
						<ele>596</ele>
						<time>2025-03-18T19:46:54Z</time>
					</trkpt>
					<trkpt lat="45.746540" lon="6.081960">
						<ele>598</ele>
						<time>2025-03-18T19:46:58Z</time>
					</trkpt>
					<trkpt lat="45.746630" lon="6.081640">
						<ele>597</ele>
						<time>2025-03-18T19:47:03Z</time>
					</trkpt>
					<trkpt lat="45.746740" lon="6.081370">
						<ele>594</ele>
						<time>2025-03-18T19:47:06Z</time>
					</trkpt>
					<trkpt lat="45.746800" lon="6.081190">
						<ele>593</ele>
						<time>2025-03-18T19:47:09Z</time>
					</trkpt>
					<trkpt lat="45.746830" lon="6.080980">
						<ele>593</ele>
						<time>2025-03-18T19:47:12Z</time>
					</trkpt>
					<trkpt lat="45.746810" lon="6.080460">
						<ele>596</ele>
						<time>2025-03-18T19:47:18Z</time>
					</trkpt>
					<trkpt lat="45.746820" lon="6.080210">
						<ele>597</ele>
						<time>2025-03-18T19:47:21Z</time>
					</trkpt>
					<trkpt lat="45.746840" lon="6.080040">
						<ele>597</ele>
						<time>2025-03-18T19:47:23Z</time>
					</trkpt>
					<trkpt lat="45.746980" lon="6.079570">
						<ele>594</ele>
						<time>2025-03-18T19:47:30Z</time>
					</trkpt>
					<trkpt lat="45.747040" lon="6.079330">
						<ele>593</ele>
						<time>2025-03-18T19:47:33Z</time>
					</trkpt>
					<trkpt lat="45.747070" lon="6.079030">
						<ele>594</ele>
						<time>2025-03-18T19:47:37Z</time>
					</trkpt>
					<trkpt lat="45.747070" lon="6.078710">
						<ele>596</ele>
						<time>2025-03-18T19:47:40Z</time>
					</trkpt>
					<trkpt lat="45.747040" lon="6.078110">
						<ele>601</ele>
						<time>2025-03-18T19:47:48Z</time>
					</trkpt>
					<trkpt lat="45.747040" lon="6.077780">
						<ele>603</ele>
						<time>2025-03-18T19:47:52Z</time>
					</trkpt>
					<trkpt lat="45.747060" lon="6.077560">
						<ele>604</ele>
						<time>2025-03-18T19:47:55Z</time>
					</trkpt>
					<trkpt lat="45.747120" lon="6.077330">
						<ele>604</ele>
						<time>2025-03-18T19:47:58Z</time>
					</trkpt>
					<trkpt lat="45.747240" lon="6.077020">
						<ele>604</ele>
						<time>2025-03-18T19:48:02Z</time>
					</trkpt>
					<trkpt lat="45.747350" lon="6.076700">
						<ele>604</ele>
						<time>2025-03-18T19:48:07Z</time>
					</trkpt>
					<trkpt lat="45.747420" lon="6.076410">
						<ele>605</ele>
						<time>2025-03-18T19:48:11Z</time>
					</trkpt>
					<trkpt lat="45.747690" lon="6.074980">
						<ele>607</ele>
						<time>2025-03-18T19:48:29Z</time>
					</trkpt>
					<trkpt lat="45.747870" lon="6.074450">
						<ele>607</ele>
						<time>2025-03-18T19:48:36Z</time>
					</trkpt>
					<trkpt lat="45.748120" lon="6.073880">
						<ele>605</ele>
						<time>2025-03-18T19:48:45Z</time>
					</trkpt>
					<trkpt lat="45.748170" lon="6.073730">
						<ele>605</ele>
						<time>2025-03-18T19:48:47Z</time>
					</trkpt>
					<trkpt lat="45.748200" lon="6.073490">
						<ele>606</ele>
						<time>2025-03-18T19:48:50Z</time>
					</trkpt>
					<trkpt lat="45.748180" lon="6.073230">
						<ele>608</ele>
						<time>2025-03-18T19:48:53Z</time>
					</trkpt>
					<trkpt lat="45.748070" lon="6.072250">
						<ele>616</ele>
						<time>2025-03-18T19:49:05Z</time>
					</trkpt>
					<trkpt lat="45.748090" lon="6.072040">
						<ele>617</ele>
						<time>2025-03-18T19:49:08Z</time>
					</trkpt>
					<trkpt lat="45.748110" lon="6.071940">
						<ele>617</ele>
						<time>2025-03-18T19:49:09Z</time>
					</trkpt>
					<trkpt lat="45.748210" lon="6.071760">
						<ele>615</ele>
						<time>2025-03-18T19:49:12Z</time>
					</trkpt>
					<trkpt lat="45.748250" lon="6.071700">
						<ele>614</ele>
						<time>2025-03-18T19:49:13Z</time>
					</trkpt>
					<trkpt lat="45.748360" lon="6.071530">
						<ele>612</ele>
						<time>2025-03-18T19:49:16Z</time>
					</trkpt>
					<trkpt lat="45.748490" lon="6.071270">
						<ele>612</ele>
						<time>2025-03-18T19:49:20Z</time>
					</trkpt>
					<trkpt lat="45.748580" lon="6.071000">
						<ele>613</ele>
						<time>2025-03-18T19:49:24Z</time>
					</trkpt>
					<trkpt lat="45.748740" lon="6.070610">
						<ele>613</ele>
						<time>2025-03-18T19:49:29Z</time>
					</trkpt>
					<trkpt lat="45.748860" lon="6.070370">
						<ele>612</ele>
						<time>2025-03-18T19:49:33Z</time>
					</trkpt>
					<trkpt lat="45.748990" lon="6.070070">
						<ele>611</ele>
						<time>2025-03-18T19:49:37Z</time>
					</trkpt>
					<trkpt lat="45.749080" lon="6.069680">
						<ele>611</ele>
						<time>2025-03-18T19:49:42Z</time>
					</trkpt>
					<trkpt lat="45.749170" lon="6.069130">
						<ele>613</ele>
						<time>2025-03-18T19:49:49Z</time>
					</trkpt>
					<trkpt lat="45.749420" lon="6.068120">
						<ele>616</ele>
						<time>2025-03-18T19:50:03Z</time>
					</trkpt>
					<trkpt lat="45.749520" lon="6.067850">
						<ele>617</ele>
						<time>2025-03-18T19:50:06Z</time>
					</trkpt>
					<trkpt lat="45.749700" lon="6.067490">
						<ele>617</ele>
						<time>2025-03-18T19:50:12Z</time>
					</trkpt>
					<trkpt lat="45.749790" lon="6.067360">
						<ele>617</ele>
						<time>2025-03-18T19:50:14Z</time>
					</trkpt>
					<trkpt lat="45.750020" lon="6.067130">
						<ele>614</ele>
						<time>2025-03-18T19:50:19Z</time>
					</trkpt>
					<trkpt lat="45.750140" lon="6.066990">
						<ele>613</ele>
						<time>2025-03-18T19:50:22Z</time>
					</trkpt>
					<trkpt lat="45.750220" lon="6.066850">
						<ele>613</ele>
						<time>2025-03-18T19:50:24Z</time>
					</trkpt>
					<trkpt lat="45.750680" lon="6.065530">
						<ele>614</ele>
						<time>2025-03-18T19:50:43Z</time>
					</trkpt>
					<trkpt lat="45.750860" lon="6.065090">
						<ele>615</ele>
						<time>2025-03-18T19:50:49Z</time>
					</trkpt>
					<trkpt lat="45.750880" lon="6.065040">
						<ele>615</ele>
						<time>2025-03-18T19:50:50Z</time>
					</trkpt>
					<trkpt lat="45.751030" lon="6.064830">
						<ele>615</ele>
						<time>2025-03-18T19:50:53Z</time>
					</trkpt>
					<trkpt lat="45.751820" lon="6.063910">
						<ele>612</ele>
						<time>2025-03-18T19:51:11Z</time>
					</trkpt>
					<trkpt lat="45.752180" lon="6.063390">
						<ele>612</ele>
						<time>2025-03-18T19:51:21Z</time>
					</trkpt>
					<trkpt lat="45.752330" lon="6.063120">
						<ele>613</ele>
						<time>2025-03-18T19:51:25Z</time>
					</trkpt>
					<trkpt lat="45.752430" lon="6.062830">
						<ele>616</ele>
						<time>2025-03-18T19:51:29Z</time>
					</trkpt>
					<trkpt lat="45.752570" lon="6.062360">
						<ele>621</ele>
						<time>2025-03-18T19:51:35Z</time>
					</trkpt>
					<trkpt lat="45.752680" lon="6.061840">
						<ele>633</ele>
						<time>2025-03-18T19:51:42Z</time>
					</trkpt>
					<trkpt lat="45.752740" lon="6.061730">
						<ele>634</ele>
						<time>2025-03-18T19:51:44Z</time>
					</trkpt>
					<trkpt lat="45.752830" lon="6.061660">
						<ele>632</ele>
						<time>2025-03-18T19:51:46Z</time>
					</trkpt>
					<trkpt lat="45.752930" lon="6.061610">
						<ele>629</ele>
						<time>2025-03-18T19:51:47Z</time>
					</trkpt>
					<trkpt lat="45.753670" lon="6.061440">
						<ele>613</ele>
						<time>2025-03-18T19:52:01Z</time>
					</trkpt>
					<trkpt lat="45.753890" lon="6.061370">
						<ele>613</ele>
						<time>2025-03-18T19:52:05Z</time>
					</trkpt>
					<trkpt lat="45.753980" lon="6.061320">
						<ele>613</ele>
						<time>2025-03-18T19:52:06Z</time>
					</trkpt>
					<trkpt lat="45.754060" lon="6.061250">
						<ele>614</ele>
						<time>2025-03-18T19:52:08Z</time>
					</trkpt>
					<trkpt lat="45.754270" lon="6.060980">
						<ele>617</ele>
						<time>2025-03-18T19:52:13Z</time>
					</trkpt>
					<trkpt lat="45.754430" lon="6.060760">
						<ele>618</ele>
						<time>2025-03-18T19:52:17Z</time>
					</trkpt>
					<trkpt lat="45.754520" lon="6.060630">
						<ele>618</ele>
						<time>2025-03-18T19:52:19Z</time>
					</trkpt>
					<trkpt lat="45.754620" lon="6.060520">
						<ele>618</ele>
						<time>2025-03-18T19:52:22Z</time>
					</trkpt>
					<trkpt lat="45.754770" lon="6.060400">
						<ele>616</ele>
						<time>2025-03-18T19:52:25Z</time>
					</trkpt>
					<trkpt lat="45.754920" lon="6.060330">
						<ele>614</ele>
						<time>2025-03-18T19:52:27Z</time>
					</trkpt>
					<trkpt lat="45.755810" lon="6.060020">
						<ele>610</ele>
						<time>2025-03-18T19:52:44Z</time>
					</trkpt>
					<trkpt lat="45.755980" lon="6.059940">
						<ele>611</ele>
						<time>2025-03-18T19:52:47Z</time>
					</trkpt>
					<trkpt lat="45.756130" lon="6.059830">
						<ele>612</ele>
						<time>2025-03-18T19:52:50Z</time>
					</trkpt>
					<trkpt lat="45.756200" lon="6.059780">
						<ele>613</ele>
						<time>2025-03-18T19:52:51Z</time>
					</trkpt>
					<trkpt lat="45.756350" lon="6.059620">
						<ele>614</ele>
						<time>2025-03-18T19:52:55Z</time>
					</trkpt>
					<trkpt lat="45.757110" lon="6.058540">
						<ele>620</ele>
						<time>2025-03-18T19:53:14Z</time>
					</trkpt>
					<trkpt lat="45.757200" lon="6.058450">
						<ele>620</ele>
						<time>2025-03-18T19:53:16Z</time>
					</trkpt>
					<trkpt lat="45.757390" lon="6.058300">
						<ele>620</ele>
						<time>2025-03-18T19:53:20Z</time>
					</trkpt>
					<trkpt lat="45.757510" lon="6.058250">
						<ele>621</ele>
						<time>2025-03-18T19:53:22Z</time>
					</trkpt>
					<trkpt lat="45.757640" lon="6.058220">
						<ele>621</ele>
						<time>2025-03-18T19:53:24Z</time>
					</trkpt>
					<trkpt lat="45.758630" lon="6.058040">
						<ele>623</ele>
						<time>2025-03-18T19:53:42Z</time>
					</trkpt>
					<trkpt lat="45.758700" lon="6.058020">
						<ele>623</ele>
						<time>2025-03-18T19:53:43Z</time>
					</trkpt>
					<trkpt lat="45.758810" lon="6.057920">
						<ele>623</ele>
						<time>2025-03-18T19:53:45Z</time>
					</trkpt>
					<trkpt lat="45.758880" lon="6.057820">
						<ele>622</ele>
						<time>2025-03-18T19:53:47Z</time>
					</trkpt>
					<trkpt lat="45.759080" lon="6.057080">
						<ele>622</ele>
						<time>2025-03-18T19:53:57Z</time>
					</trkpt>
					<trkpt lat="45.759260" lon="6.056530">
						<ele>622</ele>
						<time>2025-03-18T19:54:05Z</time>
					</trkpt>
					<trkpt lat="45.759320" lon="6.056010">
						<ele>628</ele>
						<time>2025-03-18T19:54:11Z</time>
					</trkpt>
					<trkpt lat="45.759370" lon="6.055860">
						<ele>628</ele>
						<time>2025-03-18T19:54:13Z</time>
					</trkpt>
					<trkpt lat="45.759440" lon="6.055760">
						<ele>628</ele>
						<time>2025-03-18T19:54:15Z</time>
					</trkpt>
					<trkpt lat="45.759540" lon="6.055680">
						<ele>627</ele>
						<time>2025-03-18T19:54:17Z</time>
					</trkpt>
					<trkpt lat="45.759620" lon="6.055620">
						<ele>626</ele>
						<time>2025-03-18T19:54:19Z</time>
					</trkpt>
					<trkpt lat="45.759730" lon="6.055580">
						<ele>625</ele>
						<time>2025-03-18T19:54:21Z</time>
					</trkpt>
					<trkpt lat="45.759860" lon="6.055580">
						<ele>622</ele>
						<time>2025-03-18T19:54:23Z</time>
					</trkpt>
					<trkpt lat="45.760070" lon="6.055620">
						<ele>616</ele>
						<time>2025-03-18T19:54:27Z</time>
					</trkpt>
					<trkpt lat="45.760210" lon="6.055620">
						<ele>614</ele>
						<time>2025-03-18T19:54:29Z</time>
					</trkpt>
					<trkpt lat="45.760300" lon="6.055610">
						<ele>612</ele>
						<time>2025-03-18T19:54:31Z</time>
					</trkpt>
					<trkpt lat="45.760370" lon="6.055580">
						<ele>612</ele>
						<time>2025-03-18T19:54:32Z</time>
					</trkpt>
					<trkpt lat="45.760430" lon="6.055510">
						<ele>612</ele>
						<time>2025-03-18T19:54:33Z</time>
					</trkpt>
					<trkpt lat="45.760550" lon="6.055330">
						<ele>613</ele>
						<time>2025-03-18T19:54:37Z</time>
					</trkpt>
					<trkpt lat="45.760660" lon="6.055120">
						<ele>615</ele>
						<time>2025-03-18T19:54:40Z</time>
					</trkpt>
					<trkpt lat="45.760920" lon="6.054510">
						<ele>616</ele>
						<time>2025-03-18T19:54:49Z</time>
					</trkpt>
					<trkpt lat="45.761140" lon="6.053830">
						<ele>618</ele>
						<time>2025-03-18T19:54:58Z</time>
					</trkpt>
					<trkpt lat="45.761200" lon="6.053680">
						<ele>617</ele>
						<time>2025-03-18T19:55:00Z</time>
					</trkpt>
					<trkpt lat="45.761280" lon="6.053540">
						<ele>617</ele>
						<time>2025-03-18T19:55:02Z</time>
					</trkpt>
					<trkpt lat="45.761330" lon="6.053460">
						<ele>616</ele>
						<time>2025-03-18T19:55:04Z</time>
					</trkpt>
					<trkpt lat="45.761420" lon="6.053370">
						<ele>614</ele>
						<time>2025-03-18T19:55:06Z</time>
					</trkpt>
					<trkpt lat="45.761830" lon="6.053030">
						<ele>608</ele>
						<time>2025-03-18T19:55:14Z</time>
					</trkpt>
					<trkpt lat="45.762150" lon="6.052730">
						<ele>607</ele>
						<time>2025-03-18T19:55:21Z</time>
					</trkpt>
					<trkpt lat="45.762310" lon="6.052520">
						<ele>607</ele>
						<time>2025-03-18T19:55:25Z</time>
					</trkpt>
					<trkpt lat="45.762390" lon="6.052360">
						<ele>607</ele>
						<time>2025-03-18T19:55:27Z</time>
					</trkpt>
					<trkpt lat="45.762570" lon="6.051950">
						<ele>604</ele>
						<time>2025-03-18T19:55:33Z</time>
					</trkpt>
					<trkpt lat="45.762930" lon="6.051040">
						<ele>601</ele>
						<time>2025-03-18T19:55:46Z</time>
					</trkpt>
					<trkpt lat="45.762980" lon="6.050890">
						<ele>601</ele>
						<time>2025-03-18T19:55:48Z</time>
					</trkpt>
					<trkpt lat="45.763040" lon="6.050680">
						<ele>600</ele>
						<time>2025-03-18T19:55:51Z</time>
					</trkpt>
					<trkpt lat="45.763220" lon="6.049800">
						<ele>597</ele>
						<time>2025-03-18T19:56:02Z</time>
					</trkpt>
					<trkpt lat="45.763270" lon="6.049630">
						<ele>597</ele>
						<time>2025-03-18T19:56:05Z</time>
					</trkpt>
					<trkpt lat="45.763360" lon="6.049390">
						<ele>596</ele>
						<time>2025-03-18T19:56:08Z</time>
					</trkpt>
					<trkpt lat="45.763460" lon="6.049170">
						<ele>595</ele>
						<time>2025-03-18T19:56:11Z</time>
					</trkpt>
					<trkpt lat="45.763540" lon="6.048940">
						<ele>595</ele>
						<time>2025-03-18T19:56:15Z</time>
					</trkpt>
					<trkpt lat="45.763760" lon="6.048130">
						<ele>596</ele>
						<time>2025-03-18T19:56:25Z</time>
					</trkpt>
					<trkpt lat="45.763790" lon="6.048010">
						<ele>595</ele>
						<time>2025-03-18T19:56:27Z</time>
					</trkpt>
					<trkpt lat="45.763960" lon="6.047410">
						<ele>593</ele>
						<time>2025-03-18T19:56:35Z</time>
					</trkpt>
					<trkpt lat="45.764010" lon="6.047090">
						<ele>592</ele>
						<time>2025-03-18T19:56:39Z</time>
					</trkpt>
					<trkpt lat="45.764020" lon="6.046920">
						<ele>592</ele>
						<time>2025-03-18T19:56:41Z</time>
					</trkpt>
					<trkpt lat="45.764020" lon="6.046750">
						<ele>593</ele>
						<time>2025-03-18T19:56:43Z</time>
					</trkpt>
					<trkpt lat="45.763980" lon="6.045780">
						<ele>595</ele>
						<time>2025-03-18T19:56:55Z</time>
					</trkpt>
					<trkpt lat="45.763980" lon="6.045490">
						<ele>595</ele>
						<time>2025-03-18T19:56:59Z</time>
					</trkpt>
					<trkpt lat="45.763980" lon="6.045380">
						<ele>594</ele>
						<time>2025-03-18T19:57:00Z</time>
					</trkpt>
					<trkpt lat="45.764000" lon="6.045230">
						<ele>594</ele>
						<time>2025-03-18T19:57:02Z</time>
					</trkpt>
					<trkpt lat="45.764050" lon="6.044870">
						<ele>593</ele>
						<time>2025-03-18T19:57:07Z</time>
					</trkpt>
					<trkpt lat="45.764100" lon="6.044620">
						<ele>592</ele>
						<time>2025-03-18T19:57:10Z</time>
					</trkpt>
					<trkpt lat="45.764320" lon="6.043660">
						<ele>590</ele>
						<time>2025-03-18T19:57:23Z</time>
					</trkpt>
					<trkpt lat="45.764400" lon="6.043350">
						<ele>589</ele>
						<time>2025-03-18T19:57:27Z</time>
					</trkpt>
					<trkpt lat="45.764560" lon="6.042810">
						<ele>587</ele>
						<time>2025-03-18T19:57:34Z</time>
					</trkpt>
					<trkpt lat="45.764690" lon="6.042480">
						<ele>585</ele>
						<time>2025-03-18T19:57:39Z</time>
					</trkpt>
					<trkpt lat="45.764830" lon="6.042020">
						<ele>584</ele>
						<time>2025-03-18T19:57:45Z</time>
					</trkpt>
					<trkpt lat="45.764990" lon="6.041200">
						<ele>584</ele>
						<time>2025-03-18T19:57:55Z</time>
					</trkpt>
					<trkpt lat="45.765020" lon="6.041080">
						<ele>584</ele>
						<time>2025-03-18T19:57:57Z</time>
					</trkpt>
					<trkpt lat="45.765120" lon="6.040590">
						<ele>583</ele>
						<time>2025-03-18T19:58:03Z</time>
					</trkpt>
					<trkpt lat="45.765220" lon="6.039970">
						<ele>581</ele>
						<time>2025-03-18T19:58:11Z</time>
					</trkpt>
					<trkpt lat="45.765290" lon="6.039620">
						<ele>579</ele>
						<time>2025-03-18T19:58:16Z</time>
					</trkpt>
					<trkpt lat="45.765300" lon="6.039530">
						<ele>579</ele>
						<time>2025-03-18T19:58:17Z</time>
					</trkpt>
					<trkpt lat="45.765320" lon="6.039360">
						<ele>578</ele>
						<time>2025-03-18T19:58:19Z</time>
					</trkpt>
					<trkpt lat="45.765320" lon="6.039250">
						<ele>578</ele>
						<time>2025-03-18T19:58:20Z</time>
					</trkpt>
					<trkpt lat="45.765270" lon="6.038880">
						<ele>578</ele>
						<time>2025-03-18T19:58:25Z</time>
					</trkpt>
					<trkpt lat="45.765230" lon="6.038510">
						<ele>578</ele>
						<time>2025-03-18T19:58:30Z</time>
					</trkpt>
					<trkpt lat="45.765190" lon="6.037900">
						<ele>575</ele>
						<time>2025-03-18T19:58:37Z</time>
					</trkpt>
					<trkpt lat="45.765180" lon="6.037390">
						<ele>571</ele>
						<time>2025-03-18T19:58:44Z</time>
					</trkpt>
					<trkpt lat="45.765170" lon="6.037100">
						<ele>571</ele>
						<time>2025-03-18T19:58:47Z</time>
					</trkpt>
					<trkpt lat="45.765150" lon="6.036720">
						<ele>570</ele>
						<time>2025-03-18T19:58:52Z</time>
					</trkpt>
					<trkpt lat="45.765150" lon="6.036600">
						<ele>570</ele>
						<time>2025-03-18T19:58:53Z</time>
					</trkpt>
					<trkpt lat="45.765140" lon="6.036440">
						<ele>569</ele>
						<time>2025-03-18T19:58:55Z</time>
					</trkpt>
					<trkpt lat="45.765070" lon="6.035950">
						<ele>569</ele>
						<time>2025-03-18T19:59:02Z</time>
					</trkpt>
					<trkpt lat="45.764940" lon="6.035150">
						<ele>567</ele>
						<time>2025-03-18T19:59:12Z</time>
					</trkpt>
					<trkpt lat="45.764910" lon="6.034010">
						<ele>562</ele>
						<time>2025-03-18T19:59:26Z</time>
					</trkpt>
					<trkpt lat="45.764890" lon="6.033570">
						<ele>560</ele>
						<time>2025-03-18T19:59:32Z</time>
					</trkpt>
					<trkpt lat="45.764880" lon="6.033170">
						<ele>559</ele>
						<time>2025-03-18T19:59:36Z</time>
					</trkpt>
					<trkpt lat="45.764870" lon="6.032720">
						<ele>556</ele>
						<time>2025-03-18T19:59:42Z</time>
					</trkpt>
					<trkpt lat="45.764870" lon="6.032640">
						<ele>556</ele>
						<time>2025-03-18T19:59:43Z</time>
					</trkpt>
					<trkpt lat="45.764870" lon="6.032600">
						<ele>556</ele>
						<time>2025-03-18T19:59:44Z</time>
					</trkpt>
					<trkpt lat="45.764860" lon="6.032350">
						<ele>555</ele>
						<time>2025-03-18T19:59:47Z</time>
					</trkpt>
					<trkpt lat="45.764850" lon="6.032000">
						<ele>554</ele>
						<time>2025-03-18T19:59:51Z</time>
					</trkpt>
					<trkpt lat="45.764840" lon="6.031720">
						<ele>553</ele>
						<time>2025-03-18T19:59:55Z</time>
					</trkpt>
					<trkpt lat="45.764810" lon="6.031480">
						<ele>553</ele>
						<time>2025-03-18T19:59:58Z</time>
					</trkpt>
					<trkpt lat="45.764860" lon="6.030930">
						<ele>551</ele>
						<time>2025-03-18T20:00:04Z</time>
					</trkpt>
					<trkpt lat="45.764990" lon="6.030510">
						<ele>550</ele>
						<time>2025-03-18T20:00:10Z</time>
					</trkpt>
					<trkpt lat="45.765020" lon="6.030420">
						<ele>550</ele>
						<time>2025-03-18T20:00:11Z</time>
					</trkpt>
					<trkpt lat="45.765030" lon="6.030260">
						<ele>551</ele>
						<time>2025-03-18T20:00:13Z</time>
					</trkpt>
					<trkpt lat="45.765210" lon="6.030210">
						<ele>550</ele>
						<time>2025-03-18T20:00:17Z</time>
					</trkpt>
					<trkpt lat="45.765310" lon="6.030160">
						<ele>550</ele>
						<time>2025-03-18T20:00:19Z</time>
					</trkpt>
					<trkpt lat="45.765330" lon="6.030140">
						<ele>550</ele>
						<time>2025-03-18T20:00:19Z</time>
					</trkpt>
					<trkpt lat="45.765410" lon="6.030060">
						<ele>550</ele>
						<time>2025-03-18T20:00:21Z</time>
					</trkpt>
					<trkpt lat="45.765660" lon="6.030080">
						<ele>550</ele>
						<time>2025-03-18T20:00:25Z</time>
					</trkpt>
					<trkpt lat="45.765760" lon="6.030070">
						<ele>550</ele>
						<time>2025-03-18T20:00:27Z</time>
					</trkpt>
					<trkpt lat="45.765910" lon="6.030030">
						<ele>550</ele>
						<time>2025-03-18T20:00:30Z</time>
					</trkpt>
					<trkpt lat="45.766060" lon="6.029980">
						<ele>549</ele>
						<time>2025-03-18T20:00:32Z</time>
					</trkpt>
					<trkpt lat="45.766650" lon="6.029660">
						<ele>548</ele>
						<time>2025-03-18T20:00:44Z</time>
					</trkpt>
					<trkpt lat="45.766810" lon="6.029600">
						<ele>548</ele>
						<time>2025-03-18T20:00:47Z</time>
					</trkpt>
					<trkpt lat="45.766970" lon="6.029560">
						<ele>548</ele>
						<time>2025-03-18T20:00:49Z</time>
					</trkpt>
					<trkpt lat="45.767190" lon="6.029570">
						<ele>547</ele>
						<time>2025-03-18T20:00:53Z</time>
					</trkpt>
					<trkpt lat="45.767820" lon="6.029700">
						<ele>542</ele>
						<time>2025-03-18T20:01:05Z</time>
					</trkpt>
					<trkpt lat="45.768460" lon="6.029820">
						<ele>538</ele>
						<time>2025-03-18T20:01:16Z</time>
					</trkpt>
					<trkpt lat="45.768620" lon="6.029840">
						<ele>537</ele>
						<time>2025-03-18T20:01:19Z</time>
					</trkpt>
					<trkpt lat="45.768770" lon="6.029830">
						<ele>536</ele>
						<time>2025-03-18T20:01:22Z</time>
					</trkpt>
					<trkpt lat="45.768900" lon="6.029750">
						<ele>535</ele>
						<time>2025-03-18T20:01:24Z</time>
					</trkpt>
					<trkpt lat="45.768960" lon="6.029700">
						<ele>535</ele>
						<time>2025-03-18T20:01:25Z</time>
					</trkpt>
					<trkpt lat="45.769020" lon="6.029630">
						<ele>535</ele>
						<time>2025-03-18T20:01:27Z</time>
					</trkpt>
					<trkpt lat="45.769050" lon="6.029560">
						<ele>535</ele>
						<time>2025-03-18T20:01:28Z</time>
					</trkpt>
					<trkpt lat="45.769100" lon="6.029440">
						<ele>535</ele>
						<time>2025-03-18T20:01:30Z</time>
					</trkpt>
					<trkpt lat="45.769170" lon="6.029230">
						<ele>536</ele>
						<time>2025-03-18T20:01:32Z</time>
					</trkpt>
					<trkpt lat="45.769430" lon="6.028300">
						<ele>533</ele>
						<time>2025-03-18T20:01:45Z</time>
					</trkpt>
					<trkpt lat="45.769590" lon="6.027570">
						<ele>532</ele>
						<time>2025-03-18T20:01:54Z</time>
					</trkpt>
					<trkpt lat="45.769670" lon="6.027070">
						<ele>530</ele>
						<time>2025-03-18T20:02:01Z</time>
					</trkpt>
					<trkpt lat="45.769690" lon="6.026920">
						<ele>529</ele>
						<time>2025-03-18T20:02:03Z</time>
					</trkpt>
					<trkpt lat="45.769900" lon="6.025340">
						<ele>526</ele>
						<time>2025-03-18T20:02:23Z</time>
					</trkpt>
					<trkpt lat="45.770000" lon="6.024590">
						<ele>525</ele>
						<time>2025-03-18T20:02:32Z</time>
					</trkpt>
					<trkpt lat="45.770040" lon="6.024260">
						<ele>525</ele>
						<time>2025-03-18T20:02:36Z</time>
					</trkpt>
					<trkpt lat="45.770060" lon="6.024180">
						<ele>525</ele>
						<time>2025-03-18T20:02:37Z</time>
					</trkpt>
					<trkpt lat="45.770090" lon="6.024080">
						<ele>525</ele>
						<time>2025-03-18T20:02:39Z</time>
					</trkpt>
					<trkpt lat="45.770160" lon="6.023960">
						<ele>525</ele>
						<time>2025-03-18T20:02:41Z</time>
					</trkpt>
					<trkpt lat="45.770240" lon="6.023880">
						<ele>526</ele>
						<time>2025-03-18T20:02:42Z</time>
					</trkpt>
					<trkpt lat="45.770340" lon="6.023840">
						<ele>526</ele>
						<time>2025-03-18T20:02:44Z</time>
					</trkpt>
					<trkpt lat="45.772070" lon="6.023990">
						<ele>527</ele>
						<time>2025-03-18T20:03:15Z</time>
					</trkpt>
					<trkpt lat="45.772340" lon="6.024010">
						<ele>528</ele>
						<time>2025-03-18T20:03:20Z</time>
					</trkpt>
					<trkpt lat="45.772440" lon="6.024020">
						<ele>528</ele>
						<time>2025-03-18T20:03:22Z</time>
					</trkpt>
					<trkpt lat="45.772880" lon="6.024060">
						<ele>528</ele>
						<time>2025-03-18T20:03:29Z</time>
					</trkpt>
					<trkpt lat="45.773140" lon="6.024060">
						<ele>528</ele>
						<time>2025-03-18T20:03:34Z</time>
					</trkpt>
					<trkpt lat="45.773230" lon="6.024040">
						<ele>528</ele>
						<time>2025-03-18T20:03:36Z</time>
					</trkpt>
					<trkpt lat="45.773290" lon="6.024010">
						<ele>528</ele>
						<time>2025-03-18T20:03:37Z</time>
					</trkpt>
					<trkpt lat="45.773440" lon="6.023890">
						<ele>528</ele>
						<time>2025-03-18T20:03:40Z</time>
					</trkpt>
					<trkpt lat="45.773510" lon="6.023800">
						<ele>528</ele>
						<time>2025-03-18T20:03:42Z</time>
					</trkpt>
					<trkpt lat="45.773580" lon="6.023720">
						<ele>528</ele>
						<time>2025-03-18T20:03:43Z</time>
					</trkpt>
					<trkpt lat="45.773720" lon="6.023500">
						<ele>528</ele>
						<time>2025-03-18T20:03:47Z</time>
					</trkpt>
					<trkpt lat="45.773990" lon="6.023040">
						<ele>528</ele>
						<time>2025-03-18T20:03:54Z</time>
					</trkpt>
					<trkpt lat="45.774450" lon="6.022300">
						<ele>528</ele>
						<time>2025-03-18T20:04:07Z</time>
					</trkpt>
					<trkpt lat="45.774750" lon="6.021840">
						<ele>529</ele>
						<time>2025-03-18T20:04:14Z</time>
					</trkpt>
					<trkpt lat="45.775120" lon="6.021020">
						<ele>529</ele>
						<time>2025-03-18T20:04:27Z</time>
					</trkpt>
					<trkpt lat="45.775380" lon="6.020400">
						<ele>529</ele>
						<time>2025-03-18T20:04:36Z</time>
					</trkpt>
					<trkpt lat="45.775510" lon="6.020100">
						<ele>529</ele>
						<time>2025-03-18T20:04:40Z</time>
					</trkpt>
					<trkpt lat="45.775620" lon="6.019880">
						<ele>530</ele>
						<time>2025-03-18T20:04:43Z</time>
					</trkpt>
					<trkpt lat="45.775720" lon="6.019750">
						<ele>530</ele>
						<time>2025-03-18T20:04:46Z</time>
					</trkpt>
					<trkpt lat="45.775800" lon="6.019680">
						<ele>531</ele>
						<time>2025-03-18T20:04:47Z</time>
					</trkpt>
					<trkpt lat="45.775850" lon="6.019650">
						<ele>531</ele>
						<time>2025-03-18T20:04:48Z</time>
					</trkpt>
					<trkpt lat="45.775950" lon="6.019620">
						<ele>532</ele>
						<time>2025-03-18T20:04:50Z</time>
					</trkpt>
					<trkpt lat="45.776080" lon="6.019620">
						<ele>533</ele>
						<time>2025-03-18T20:04:52Z</time>
					</trkpt>
					<trkpt lat="45.776490" lon="6.019720">
						<ele>535</ele>
						<time>2025-03-18T20:05:00Z</time>
					</trkpt>
					<trkpt lat="45.777020" lon="6.019860">
						<ele>536</ele>
						<time>2025-03-18T20:05:09Z</time>
					</trkpt>
					<trkpt lat="45.777140" lon="6.019870">
						<ele>537</ele>
						<time>2025-03-18T20:05:12Z</time>
					</trkpt>
					<trkpt lat="45.777260" lon="6.019850">
						<ele>538</ele>
						<time>2025-03-18T20:05:14Z</time>
					</trkpt>
					<trkpt lat="45.777420" lon="6.019750">
						<ele>539</ele>
						<time>2025-03-18T20:05:17Z</time>
					</trkpt>
					<trkpt lat="45.777470" lon="6.019690">
						<ele>540</ele>
						<time>2025-03-18T20:05:18Z</time>
					</trkpt>
					<trkpt lat="45.777540" lon="6.019570">
						<ele>541</ele>
						<time>2025-03-18T20:05:20Z</time>
					</trkpt>
					<trkpt lat="45.777580" lon="6.019480">
						<ele>542</ele>
						<time>2025-03-18T20:05:21Z</time>
					</trkpt>
					<trkpt lat="45.777610" lon="6.019350">
						<ele>543</ele>
						<time>2025-03-18T20:05:23Z</time>
					</trkpt>
					<trkpt lat="45.777620" lon="6.019240">
						<ele>543</ele>
						<time>2025-03-18T20:05:24Z</time>
					</trkpt>
					<trkpt lat="45.777620" lon="6.019040">
						<ele>544</ele>
						<time>2025-03-18T20:05:27Z</time>
					</trkpt>
					<trkpt lat="45.777580" lon="6.018470">
						<ele>547</ele>
						<time>2025-03-18T20:05:34Z</time>
					</trkpt>
					<trkpt lat="45.777560" lon="6.018080">
						<ele>548</ele>
						<time>2025-03-18T20:05:39Z</time>
					</trkpt>
					<trkpt lat="45.777560" lon="6.017830">
						<ele>549</ele>
						<time>2025-03-18T20:05:42Z</time>
					</trkpt>
					<trkpt lat="45.777590" lon="6.017630">
						<ele>550</ele>
						<time>2025-03-18T20:05:44Z</time>
					</trkpt>
					<trkpt lat="45.777610" lon="6.017540">
						<ele>551</ele>
						<time>2025-03-18T20:05:46Z</time>
					</trkpt>
					<trkpt lat="45.777680" lon="6.017350">
						<ele>552</ele>
						<time>2025-03-18T20:05:48Z</time>
					</trkpt>
					<trkpt lat="45.777750" lon="6.017200">
						<ele>552</ele>
						<time>2025-03-18T20:05:50Z</time>
					</trkpt>
					<trkpt lat="45.777870" lon="6.017050">
						<ele>553</ele>
						<time>2025-03-18T20:05:53Z</time>
					</trkpt>
					<trkpt lat="45.777950" lon="6.016980">
						<ele>553</ele>
						<time>2025-03-18T20:05:55Z</time>
					</trkpt>
					<trkpt lat="45.778050" lon="6.016900">
						<ele>553</ele>
						<time>2025-03-18T20:05:57Z</time>
					</trkpt>
					<trkpt lat="45.778130" lon="6.016870">
						<ele>553</ele>
						<time>2025-03-18T20:05:58Z</time>
					</trkpt>
					<trkpt lat="45.778470" lon="6.016750">
						<ele>553</ele>
						<time>2025-03-18T20:06:05Z</time>
					</trkpt>
					<trkpt lat="45.778580" lon="6.016670">
						<ele>553</ele>
						<time>2025-03-18T20:06:07Z</time>
					</trkpt>
					<trkpt lat="45.778690" lon="6.016570">
						<ele>554</ele>
						<time>2025-03-18T20:06:09Z</time>
					</trkpt>
					<trkpt lat="45.778910" lon="6.016300">
						<ele>555</ele>
						<time>2025-03-18T20:06:14Z</time>
					</trkpt>
					<trkpt lat="45.779710" lon="6.015360">
						<ele>560</ele>
						<time>2025-03-18T20:06:33Z</time>
					</trkpt>
					<trkpt lat="45.779880" lon="6.015260">
						<ele>560</ele>
						<time>2025-03-18T20:06:36Z</time>
					</trkpt>
					<trkpt lat="45.779950" lon="6.015240">
						<ele>560</ele>
						<time>2025-03-18T20:06:37Z</time>
					</trkpt>
					<trkpt lat="45.780020" lon="6.015220">
						<ele>560</ele>
						<time>2025-03-18T20:06:39Z</time>
					</trkpt>
					<trkpt lat="45.780150" lon="6.015220">
						<ele>561</ele>
						<time>2025-03-18T20:06:41Z</time>
					</trkpt>
					<trkpt lat="45.780300" lon="6.015250">
						<ele>561</ele>
						<time>2025-03-18T20:06:44Z</time>
					</trkpt>
					<trkpt lat="45.781420" lon="6.015710">
						<ele>561</ele>
						<time>2025-03-18T20:07:04Z</time>
					</trkpt>
					<trkpt lat="45.781940" lon="6.015920">
						<ele>562</ele>
						<time>2025-03-18T20:07:14Z</time>
					</trkpt>
					<trkpt lat="45.782040" lon="6.015960">
						<ele>563</ele>
						<time>2025-03-18T20:07:16Z</time>
					</trkpt>
					<trkpt lat="45.782240" lon="6.015990">
						<ele>564</ele>
						<time>2025-03-18T20:07:19Z</time>
					</trkpt>
					<trkpt lat="45.784040" lon="6.015950">
						<ele>569</ele>
						<time>2025-03-18T20:07:51Z</time>
					</trkpt>
					<trkpt lat="45.784330" lon="6.015940">
						<ele>570</ele>
						<time>2025-03-18T20:07:57Z</time>
					</trkpt>
					<trkpt lat="45.784450" lon="6.015920">
						<ele>570</ele>
						<time>2025-03-18T20:07:59Z</time>
					</trkpt>
					<trkpt lat="45.784560" lon="6.015900">
						<ele>570</ele>
						<time>2025-03-18T20:08:01Z</time>
					</trkpt>
					<trkpt lat="45.784690" lon="6.015840">
						<ele>571</ele>
						<time>2025-03-18T20:08:03Z</time>
					</trkpt>
					<trkpt lat="45.784700" lon="6.015840">
						<ele>571</ele>
						<time>2025-03-18T20:08:03Z</time>
					</trkpt>
					<trkpt lat="45.784750" lon="6.015800">
						<ele>571</ele>
						<time>2025-03-18T20:08:04Z</time>
					</trkpt>
					<trkpt lat="45.784850" lon="6.015700">
						<ele>572</ele>
						<time>2025-03-18T20:08:06Z</time>
					</trkpt>
					<trkpt lat="45.785040" lon="6.015450">
						<ele>573</ele>
						<time>2025-03-18T20:08:11Z</time>
					</trkpt>
					<trkpt lat="45.785750" lon="6.014080">
						<ele>575</ele>
						<time>2025-03-18T20:08:32Z</time>
					</trkpt>
					<trkpt lat="45.786190" lon="6.013270">
						<ele>576</ele>
						<time>2025-03-18T20:08:45Z</time>
					</trkpt>
					<trkpt lat="45.786290" lon="6.013110">
						<ele>576</ele>
						<time>2025-03-18T20:08:48Z</time>
					</trkpt>
					<trkpt lat="45.786390" lon="6.012990">
						<ele>576</ele>
						<time>2025-03-18T20:08:50Z</time>
					</trkpt>
					<trkpt lat="45.786570" lon="6.012810">
						<ele>576</ele>
						<time>2025-03-18T20:08:54Z</time>
					</trkpt>
					<trkpt lat="45.786910" lon="6.012640">
						<ele>576</ele>
						<time>2025-03-18T20:09:00Z</time>
					</trkpt>
					<trkpt lat="45.789590" lon="6.011820">
						<ele>577</ele>
						<time>2025-03-18T20:09:49Z</time>
					</trkpt>
					<trkpt lat="45.789980" lon="6.011710">
						<ele>577</ele>
						<time>2025-03-18T20:09:56Z</time>
					</trkpt>
					<trkpt lat="45.790510" lon="6.011560">
						<ele>578</ele>
						<time>2025-03-18T20:10:06Z</time>
					</trkpt>
					<trkpt lat="45.790720" lon="6.011570">
						<ele>579</ele>
						<time>2025-03-18T20:10:09Z</time>
					</trkpt>
					<trkpt lat="45.791200" lon="6.011650">
						<ele>579</ele>
						<time>2025-03-18T20:10:18Z</time>
					</trkpt>
					<trkpt lat="45.791560" lon="6.011640">
						<ele>580</ele>
						<time>2025-03-18T20:10:24Z</time>
					</trkpt>
					<trkpt lat="45.791900" lon="6.011550">
						<ele>582</ele>
						<time>2025-03-18T20:10:31Z</time>
					</trkpt>
					<trkpt lat="45.793230" lon="6.011210">
						<ele>592</ele>
						<time>2025-03-18T20:10:55Z</time>
					</trkpt>
					<trkpt lat="45.793450" lon="6.011180">
						<ele>594</ele>
						<time>2025-03-18T20:10:59Z</time>
					</trkpt>
					<trkpt lat="45.794570" lon="6.012090">
						<ele>600</ele>
						<time>2025-03-18T20:11:21Z</time>
					</trkpt>
					<trkpt lat="45.794600" lon="6.012110">
						<ele>600</ele>
						<time>2025-03-18T20:11:22Z</time>
					</trkpt>
					<trkpt lat="45.794740" lon="6.012190">
						<ele>601</ele>
						<time>2025-03-18T20:11:25Z</time>
					</trkpt>
					<trkpt lat="45.795140" lon="6.012420">
						<ele>603</ele>
						<time>2025-03-18T20:11:32Z</time>
					</trkpt>
					<trkpt lat="45.795590" lon="6.012680">
						<ele>604</ele>
						<time>2025-03-18T20:11:41Z</time>
					</trkpt>
					<trkpt lat="45.796310" lon="6.012780">
						<ele>605</ele>
						<time>2025-03-18T20:11:54Z</time>
					</trkpt>
					<trkpt lat="45.796420" lon="6.012790">
						<ele>605</ele>
						<time>2025-03-18T20:11:56Z</time>
					</trkpt>
					<trkpt lat="45.796770" lon="6.012950">
						<ele>604</ele>
						<time>2025-03-18T20:12:02Z</time>
					</trkpt>
					<trkpt lat="45.797180" lon="6.013110">
						<ele>603</ele>
						<time>2025-03-18T20:12:10Z</time>
					</trkpt>
					<trkpt lat="45.797330" lon="6.013060">
						<ele>602</ele>
						<time>2025-03-18T20:12:13Z</time>
					</trkpt>
					<trkpt lat="45.797430" lon="6.013030">
						<ele>602</ele>
						<time>2025-03-18T20:12:15Z</time>
					</trkpt>
					<trkpt lat="45.797550" lon="6.013070">
						<ele>602</ele>
						<time>2025-03-18T20:12:17Z</time>
					</trkpt>
					<trkpt lat="45.797750" lon="6.013220">
						<ele>600</ele>
						<time>2025-03-18T20:12:21Z</time>
					</trkpt>
					<trkpt lat="45.797900" lon="6.013290">
						<ele>599</ele>
						<time>2025-03-18T20:12:24Z</time>
					</trkpt>
					<trkpt lat="45.798040" lon="6.013310">
						<ele>599</ele>
						<time>2025-03-18T20:12:26Z</time>
					</trkpt>
					<trkpt lat="45.798190" lon="6.013280">
						<ele>598</ele>
						<time>2025-03-18T20:12:29Z</time>
					</trkpt>
					<trkpt lat="45.798340" lon="6.013230">
						<ele>597</ele>
						<time>2025-03-18T20:12:31Z</time>
					</trkpt>
					<trkpt lat="45.798510" lon="6.013070">
						<ele>596</ele>
						<time>2025-03-18T20:12:35Z</time>
					</trkpt>
					<trkpt lat="45.798610" lon="6.013130">
						<ele>594</ele>
						<time>2025-03-18T20:12:37Z</time>
					</trkpt>
					<trkpt lat="45.799080" lon="6.012580">
						<ele>589</ele>
						<time>2025-03-18T20:12:48Z</time>
					</trkpt>
					<trkpt lat="45.799560" lon="6.011960">
						<ele>587</ele>
						<time>2025-03-18T20:12:59Z</time>
					</trkpt>
					<trkpt lat="45.799870" lon="6.011420">
						<ele>585</ele>
						<time>2025-03-18T20:13:08Z</time>
					</trkpt>
					<trkpt lat="45.800190" lon="6.010900">
						<ele>582</ele>
						<time>2025-03-18T20:13:17Z</time>
					</trkpt>
					<trkpt lat="45.800700" lon="6.010270">
						<ele>577</ele>
						<time>2025-03-18T20:13:29Z</time>
					</trkpt>
					<trkpt lat="45.800880" lon="6.010120">
						<ele>575</ele>
						<time>2025-03-18T20:13:32Z</time>
					</trkpt>
					<trkpt lat="45.801020" lon="6.010040">
						<ele>574</ele>
						<time>2025-03-18T20:13:35Z</time>
					</trkpt>
					<trkpt lat="45.801200" lon="6.010010">
						<ele>573</ele>
						<time>2025-03-18T20:13:38Z</time>
					</trkpt>
					<trkpt lat="45.801430" lon="6.010060">
						<ele>571</ele>
						<time>2025-03-18T20:13:42Z</time>
					</trkpt>
					<trkpt lat="45.801650" lon="6.010130">
						<ele>569</ele>
						<time>2025-03-18T20:13:46Z</time>
					</trkpt>
					<trkpt lat="45.803030" lon="6.010540">
						<ele>568</ele>
						<time>2025-03-18T20:14:11Z</time>
					</trkpt>
					<trkpt lat="45.803620" lon="6.010780">
						<ele>566</ele>
						<time>2025-03-18T20:14:22Z</time>
					</trkpt>
					<trkpt lat="45.805130" lon="6.011410">
						<ele>559</ele>
						<time>2025-03-18T20:14:50Z</time>
					</trkpt>
					<trkpt lat="45.805610" lon="6.011630">
						<ele>556</ele>
						<time>2025-03-18T20:14:59Z</time>
					</trkpt>
					<trkpt lat="45.805750" lon="6.011670">
						<ele>555</ele>
						<time>2025-03-18T20:15:02Z</time>
					</trkpt>
					<trkpt lat="45.805780" lon="6.011570">
						<ele>556</ele>
						<time>2025-03-18T20:15:03Z</time>
					</trkpt>
					<trkpt lat="45.806470" lon="6.011860">
						<ele>552</ele>
						<time>2025-03-18T20:15:16Z</time>
					</trkpt>
					<trkpt lat="45.807370" lon="6.012240">
						<ele>547</ele>
						<time>2025-03-18T20:15:33Z</time>
					</trkpt>
					<trkpt lat="45.807460" lon="6.012290">
						<ele>546</ele>
						<time>2025-03-18T20:15:34Z</time>
					</trkpt>
					<trkpt lat="45.808080" lon="6.012550">
						<ele>542</ele>
						<time>2025-03-18T20:15:46Z</time>
					</trkpt>
					<trkpt lat="45.808230" lon="6.012600">
						<ele>541</ele>
						<time>2025-03-18T20:15:49Z</time>
					</trkpt>
					<trkpt lat="45.808380" lon="6.012640">
						<ele>540</ele>
						<time>2025-03-18T20:15:51Z</time>
					</trkpt>
					<trkpt lat="45.808500" lon="6.012660">
						<ele>539</ele>
						<time>2025-03-18T20:15:53Z</time>
					</trkpt>
					<trkpt lat="45.808660" lon="6.012670">
						<ele>538</ele>
						<time>2025-03-18T20:15:56Z</time>
					</trkpt>
					<trkpt lat="45.808990" lon="6.012640">
						<ele>535</ele>
						<time>2025-03-18T20:16:02Z</time>
					</trkpt>
					<trkpt lat="45.809130" lon="6.012600">
						<ele>533</ele>
						<time>2025-03-18T20:16:05Z</time>
					</trkpt>
					<trkpt lat="45.809250" lon="6.012540">
						<ele>531</ele>
						<time>2025-03-18T20:16:07Z</time>
					</trkpt>
					<trkpt lat="45.809490" lon="6.012400">
						<ele>527</ele>
						<time>2025-03-18T20:16:12Z</time>
					</trkpt>
					<trkpt lat="45.809580" lon="6.012330">
						<ele>526</ele>
						<time>2025-03-18T20:16:13Z</time>
					</trkpt>
					<trkpt lat="45.809720" lon="6.012200">
						<ele>523</ele>
						<time>2025-03-18T20:16:16Z</time>
					</trkpt>
					<trkpt lat="45.809880" lon="6.012000">
						<ele>521</ele>
						<time>2025-03-18T20:16:20Z</time>
					</trkpt>
					<trkpt lat="45.809960" lon="6.011890">
						<ele>519</ele>
						<time>2025-03-18T20:16:22Z</time>
					</trkpt>
					<trkpt lat="45.810070" lon="6.011700">
						<ele>517</ele>
						<time>2025-03-18T20:16:25Z</time>
					</trkpt>
					<trkpt lat="45.810180" lon="6.011490">
						<ele>516</ele>
						<time>2025-03-18T20:16:28Z</time>
					</trkpt>
					<trkpt lat="45.810350" lon="6.011060">
						<ele>513</ele>
						<time>2025-03-18T20:16:35Z</time>
					</trkpt>
					<trkpt lat="45.811060" lon="6.009130">
						<ele>501</ele>
						<time>2025-03-18T20:17:02Z</time>
					</trkpt>
					<trkpt lat="45.811160" lon="6.008860">
						<ele>500</ele>
						<time>2025-03-18T20:17:05Z</time>
					</trkpt>
					<trkpt lat="45.811210" lon="6.008760">
						<ele>499</ele>
						<time>2025-03-18T20:17:07Z</time>
					</trkpt>
					<trkpt lat="45.811290" lon="6.008700">
						<ele>499</ele>
						<time>2025-03-18T20:17:09Z</time>
					</trkpt>
					<trkpt lat="45.811400" lon="6.008550">
						<ele>498</ele>
						<time>2025-03-18T20:17:11Z</time>
					</trkpt>
					<trkpt lat="45.811750" lon="6.008250">
						<ele>494</ele>
						<time>2025-03-18T20:17:19Z</time>
					</trkpt>
					<trkpt lat="45.811820" lon="6.008200">
						<ele>493</ele>
						<time>2025-03-18T20:17:20Z</time>
					</trkpt>
					<trkpt lat="45.811880" lon="6.008180">
						<ele>493</ele>
						<time>2025-03-18T20:17:21Z</time>
					</trkpt>
					<trkpt lat="45.811930" lon="6.008190">
						<ele>492</ele>
						<time>2025-03-18T20:17:22Z</time>
					</trkpt>
					<trkpt lat="45.811970" lon="6.008180">
						<ele>492</ele>
						<time>2025-03-18T20:17:23Z</time>
					</trkpt>
					<trkpt lat="45.812030" lon="6.008130">
						<ele>491</ele>
						<time>2025-03-18T20:17:24Z</time>
					</trkpt>
					<trkpt lat="45.812080" lon="6.008060">
						<ele>490</ele>
						<time>2025-03-18T20:17:25Z</time>
					</trkpt>
					<trkpt lat="45.812090" lon="6.008000">
						<ele>490</ele>
						<time>2025-03-18T20:17:26Z</time>
					</trkpt>
					<trkpt lat="45.812100" lon="6.007920">
						<ele>490</ele>
						<time>2025-03-18T20:17:27Z</time>
					</trkpt>
					<trkpt lat="45.812090" lon="6.007840">
						<ele>490</ele>
						<time>2025-03-18T20:17:28Z</time>
					</trkpt>
					<trkpt lat="45.812120" lon="6.007650">
						<ele>489</ele>
						<time>2025-03-18T20:17:30Z</time>
					</trkpt>
					<trkpt lat="45.812230" lon="6.007260">
						<ele>487</ele>
						<time>2025-03-18T20:17:36Z</time>
					</trkpt>
					<trkpt lat="45.812580" lon="6.006530">
						<ele>484</ele>
						<time>2025-03-18T20:17:47Z</time>
					</trkpt>
					<trkpt lat="45.812770" lon="6.006090">
						<ele>481</ele>
						<time>2025-03-18T20:17:53Z</time>
					</trkpt>
					<trkpt lat="45.812960" lon="6.005770">
						<ele>479</ele>
						<time>2025-03-18T20:17:58Z</time>
					</trkpt>
					<trkpt lat="45.813060" lon="6.005620">
						<ele>478</ele>
						<time>2025-03-18T20:18:01Z</time>
					</trkpt>
					<trkpt lat="45.813250" lon="6.005400">
						<ele>476</ele>
						<time>2025-03-18T20:18:05Z</time>
					</trkpt>
					<trkpt lat="45.813370" lon="6.005290">
						<ele>475</ele>
						<time>2025-03-18T20:18:08Z</time>
					</trkpt>
					<trkpt lat="45.813690" lon="6.005030">
						<ele>473</ele>
						<time>2025-03-18T20:18:14Z</time>
					</trkpt>
					<trkpt lat="45.813880" lon="6.004900">
						<ele>472</ele>
						<time>2025-03-18T20:18:18Z</time>
					</trkpt>
					<trkpt lat="45.813990" lon="6.004860">
						<ele>471</ele>
						<time>2025-03-18T20:18:20Z</time>
					</trkpt>
					<trkpt lat="45.814140" lon="6.004760">
						<ele>470</ele>
						<time>2025-03-18T20:18:23Z</time>
					</trkpt>
					<trkpt lat="45.814670" lon="6.004400">
						<ele>466</ele>
						<time>2025-03-18T20:18:33Z</time>
					</trkpt>
					<trkpt lat="45.814770" lon="6.004380">
						<ele>466</ele>
						<time>2025-03-18T20:18:35Z</time>
					</trkpt>
					<trkpt lat="45.814860" lon="6.004400">
						<ele>466</ele>
						<time>2025-03-18T20:18:37Z</time>
					</trkpt>
					<trkpt lat="45.814890" lon="6.004490">
						<ele>466</ele>
						<time>2025-03-18T20:18:38Z</time>
					</trkpt>
					<trkpt lat="45.814940" lon="6.004550">
						<ele>466</ele>
						<time>2025-03-18T20:18:39Z</time>
					</trkpt>
					<trkpt lat="45.815000" lon="6.004580">
						<ele>466</ele>
						<time>2025-03-18T20:18:40Z</time>
					</trkpt>
					<trkpt lat="45.815050" lon="6.004590">
						<ele>466</ele>
						<time>2025-03-18T20:18:41Z</time>
					</trkpt>
					<trkpt lat="45.815090" lon="6.004580">
						<ele>466</ele>
						<time>2025-03-18T20:18:42Z</time>
					</trkpt>
					<trkpt lat="45.815140" lon="6.004560">
						<ele>466</ele>
						<time>2025-03-18T20:18:43Z</time>
					</trkpt>
					<trkpt lat="45.815180" lon="6.004520">
						<ele>465</ele>
						<time>2025-03-18T20:18:44Z</time>
					</trkpt>
					<trkpt lat="45.815220" lon="6.004460">
						<ele>465</ele>
						<time>2025-03-18T20:18:45Z</time>
					</trkpt>
					<trkpt lat="45.815240" lon="6.004390">
						<ele>465</ele>
						<time>2025-03-18T20:18:46Z</time>
					</trkpt>
					<trkpt lat="45.815250" lon="6.004320">
						<ele>465</ele>
						<time>2025-03-18T20:18:47Z</time>
					</trkpt>
					<trkpt lat="45.815250" lon="6.004250">
						<ele>464</ele>
						<time>2025-03-18T20:18:47Z</time>
					</trkpt>
					<trkpt lat="45.815290" lon="6.004130">
						<ele>464</ele>
						<time>2025-03-18T20:18:49Z</time>
					</trkpt>
					<trkpt lat="45.815420" lon="6.003970">
						<ele>464</ele>
						<time>2025-03-18T20:18:52Z</time>
					</trkpt>
					<trkpt lat="45.815540" lon="6.003850">
						<ele>464</ele>
						<time>2025-03-18T20:18:55Z</time>
					</trkpt>
					<trkpt lat="45.815860" lon="6.003630">
						<ele>464</ele>
						<time>2025-03-18T20:19:01Z</time>
					</trkpt>
					<trkpt lat="45.816030" lon="6.003510">
						<ele>463</ele>
						<time>2025-03-18T20:19:04Z</time>
					</trkpt>
					<trkpt lat="45.816040" lon="6.003440">
						<ele>463</ele>
						<time>2025-03-18T20:19:05Z</time>
					</trkpt>
					<trkpt lat="45.816360" lon="6.003240">
						<ele>462</ele>
						<time>2025-03-18T20:19:11Z</time>
					</trkpt>
					<trkpt lat="45.817170" lon="6.002680">
						<ele>456</ele>
						<time>2025-03-18T20:19:27Z</time>
					</trkpt>
					<trkpt lat="45.817240" lon="6.002630">
						<ele>456</ele>
						<time>2025-03-18T20:19:29Z</time>
					</trkpt>
					<trkpt lat="45.817490" lon="6.002500">
						<ele>453</ele>
						<time>2025-03-18T20:19:34Z</time>
					</trkpt>
					<trkpt lat="45.817760" lon="6.002340">
						<ele>452</ele>
						<time>2025-03-18T20:19:39Z</time>
					</trkpt>
					<trkpt lat="45.817940" lon="6.002210">
						<ele>452</ele>
						<time>2025-03-18T20:19:42Z</time>
					</trkpt>
					<trkpt lat="45.818490" lon="6.001820">
						<ele>450</ele>
						<time>2025-03-18T20:19:53Z</time>
					</trkpt>
					<trkpt lat="45.818790" lon="6.001580">
						<ele>449</ele>
						<time>2025-03-18T20:19:59Z</time>
					</trkpt>
					<trkpt lat="45.819430" lon="6.001120">
						<ele>448</ele>
						<time>2025-03-18T20:20:12Z</time>
					</trkpt>
					<trkpt lat="45.819530" lon="6.001070">
						<ele>448</ele>
						<time>2025-03-18T20:20:14Z</time>
					</trkpt>
					<trkpt lat="45.819620" lon="6.001060">
						<ele>448</ele>
						<time>2025-03-18T20:20:16Z</time>
					</trkpt>
					<trkpt lat="45.819690" lon="6.001080">
						<ele>448</ele>
						<time>2025-03-18T20:20:17Z</time>
					</trkpt>
					<trkpt lat="45.819750" lon="6.001070">
						<ele>448</ele>
						<time>2025-03-18T20:20:18Z</time>
					</trkpt>
					<trkpt lat="45.819790" lon="6.001040">
						<ele>448</ele>
						<time>2025-03-18T20:20:19Z</time>
					</trkpt>
					<trkpt lat="45.819820" lon="6.001000">
						<ele>448</ele>
						<time>2025-03-18T20:20:19Z</time>
					</trkpt>
					<trkpt lat="45.819850" lon="6.000940">
						<ele>448</ele>
						<time>2025-03-18T20:20:20Z</time>
					</trkpt>
					<trkpt lat="45.819870" lon="6.000850">
						<ele>447</ele>
						<time>2025-03-18T20:20:22Z</time>
					</trkpt>
					<trkpt lat="45.819870" lon="6.000830">
						<ele>447</ele>
						<time>2025-03-18T20:20:22Z</time>
					</trkpt>
					<trkpt lat="45.819920" lon="6.000700">
						<ele>446</ele>
						<time>2025-03-18T20:20:24Z</time>
					</trkpt>
					<trkpt lat="45.819950" lon="6.000630">
						<ele>446</ele>
						<time>2025-03-18T20:20:25Z</time>
					</trkpt>
					<trkpt lat="45.820150" lon="6.000350">
						<ele>444</ele>
						<time>2025-03-18T20:20:30Z</time>
					</trkpt>
					<trkpt lat="45.820280" lon="6.000120">
						<ele>443</ele>
						<time>2025-03-18T20:20:33Z</time>
					</trkpt>
					<trkpt lat="45.820480" lon="5.999830">
						<ele>442</ele>
						<time>2025-03-18T20:20:38Z</time>
					</trkpt>
					<trkpt lat="45.820590" lon="5.999610">
						<ele>441</ele>
						<time>2025-03-18T20:20:42Z</time>
					</trkpt>
					<trkpt lat="45.820680" lon="5.999390">
						<ele>441</ele>
						<time>2025-03-18T20:20:45Z</time>
					</trkpt>
					<trkpt lat="45.820830" lon="5.999050">
						<ele>440</ele>
						<time>2025-03-18T20:20:50Z</time>
					</trkpt>
					<trkpt lat="45.820980" lon="5.998540">
						<ele>441</ele>
						<time>2025-03-18T20:20:57Z</time>
					</trkpt>
					<trkpt lat="45.821110" lon="5.997960">
						<ele>441</ele>
						<time>2025-03-18T20:21:04Z</time>
					</trkpt>
					<trkpt lat="45.821200" lon="5.997290">
						<ele>441</ele>
						<time>2025-03-18T20:21:13Z</time>
					</trkpt>
					<trkpt lat="45.821390" lon="5.996110">
						<ele>442</ele>
						<time>2025-03-18T20:21:28Z</time>
					</trkpt>
					<trkpt lat="45.821430" lon="5.995870">
						<ele>443</ele>
						<time>2025-03-18T20:21:31Z</time>
					</trkpt>
					<trkpt lat="45.821490" lon="5.995600">
						<ele>442</ele>
						<time>2025-03-18T20:21:34Z</time>
					</trkpt>
					<trkpt lat="45.821540" lon="5.995440">
						<ele>442</ele>
						<time>2025-03-18T20:21:37Z</time>
					</trkpt>
					<trkpt lat="45.821570" lon="5.995330">
						<ele>442</ele>
						<time>2025-03-18T20:21:38Z</time>
					</trkpt>
					<trkpt lat="45.821620" lon="5.995150">
						<ele>441</ele>
						<time>2025-03-18T20:21:40Z</time>
					</trkpt>
					<trkpt lat="45.821770" lon="5.994790">
						<ele>440</ele>
						<time>2025-03-18T20:21:46Z</time>
					</trkpt>
					<trkpt lat="45.821860" lon="5.994590">
						<ele>440</ele>
						<time>2025-03-18T20:21:49Z</time>
					</trkpt>
					<trkpt lat="45.822100" lon="5.994200">
						<ele>439</ele>
						<time>2025-03-18T20:21:55Z</time>
					</trkpt>
					<trkpt lat="45.822240" lon="5.994020">
						<ele>438</ele>
						<time>2025-03-18T20:21:58Z</time>
					</trkpt>
					<trkpt lat="45.822580" lon="5.993650">
						<ele>438</ele>
						<time>2025-03-18T20:22:06Z</time>
					</trkpt>
					<trkpt lat="45.822760" lon="5.993480">
						<ele>437</ele>
						<time>2025-03-18T20:22:10Z</time>
					</trkpt>
					<trkpt lat="45.822900" lon="5.993360">
						<ele>437</ele>
						<time>2025-03-18T20:22:13Z</time>
					</trkpt>
					<trkpt lat="45.823080" lon="5.993190">
						<ele>435</ele>
						<time>2025-03-18T20:22:17Z</time>
					</trkpt>
					<trkpt lat="45.823220" lon="5.993050">
						<ele>434</ele>
						<time>2025-03-18T20:22:20Z</time>
					</trkpt>
					<trkpt lat="45.823360" lon="5.992920">
						<ele>433</ele>
						<time>2025-03-18T20:22:23Z</time>
					</trkpt>
					<trkpt lat="45.823550" lon="5.992700">
						<ele>431</ele>
						<time>2025-03-18T20:22:27Z</time>
					</trkpt>
					<trkpt lat="45.823760" lon="5.992510">
						<ele>429</ele>
						<time>2025-03-18T20:22:31Z</time>
					</trkpt>
					<trkpt lat="45.823940" lon="5.992360">
						<ele>427</ele>
						<time>2025-03-18T20:22:35Z</time>
					</trkpt>
					<trkpt lat="45.824190" lon="5.992080">
						<ele>424</ele>
						<time>2025-03-18T20:22:41Z</time>
					</trkpt>
					<trkpt lat="45.824500" lon="5.991800">
						<ele>423</ele>
						<time>2025-03-18T20:22:47Z</time>
					</trkpt>
					<trkpt lat="45.825350" lon="5.990980">
						<ele>418</ele>
						<time>2025-03-18T20:23:05Z</time>
					</trkpt>
					<trkpt lat="45.825920" lon="5.990430">
						<ele>414</ele>
						<time>2025-03-18T20:23:18Z</time>
					</trkpt>
					<trkpt lat="45.826840" lon="5.989590">
						<ele>409</ele>
						<time>2025-03-18T20:23:37Z</time>
					</trkpt>
					<trkpt lat="45.827090" lon="5.989330">
						<ele>408</ele>
						<time>2025-03-18T20:23:42Z</time>
					</trkpt>
					<trkpt lat="45.827300" lon="5.989140">
						<ele>407</ele>
						<time>2025-03-18T20:23:47Z</time>
					</trkpt>
					<trkpt lat="45.827640" lon="5.988750">
						<ele>407</ele>
						<time>2025-03-18T20:23:55Z</time>
					</trkpt>
					<trkpt lat="45.827850" lon="5.988450">
						<ele>407</ele>
						<time>2025-03-18T20:24:00Z</time>
					</trkpt>
					<trkpt lat="45.827930" lon="5.988300">
						<ele>406</ele>
						<time>2025-03-18T20:24:02Z</time>
					</trkpt>
					<trkpt lat="45.828020" lon="5.988130">
						<ele>407</ele>
						<time>2025-03-18T20:24:05Z</time>
					</trkpt>
					<trkpt lat="45.828190" lon="5.987720">
						<ele>406</ele>
						<time>2025-03-18T20:24:11Z</time>
					</trkpt>
					<trkpt lat="45.828470" lon="5.987040">
						<ele>404</ele>
						<time>2025-03-18T20:24:21Z</time>
					</trkpt>
					<trkpt lat="45.828660" lon="5.986410">
						<ele>403</ele>
						<time>2025-03-18T20:24:29Z</time>
					</trkpt>
					<trkpt lat="45.828780" lon="5.986050">
						<ele>402</ele>
						<time>2025-03-18T20:24:34Z</time>
					</trkpt>
					<trkpt lat="45.828870" lon="5.985780">
						<ele>401</ele>
						<time>2025-03-18T20:24:38Z</time>
					</trkpt>
					<trkpt lat="45.828980" lon="5.985470">
						<ele>402</ele>
						<time>2025-03-18T20:24:42Z</time>
					</trkpt>
					<trkpt lat="45.829260" lon="5.984590">
						<ele>400</ele>
						<time>2025-03-18T20:24:54Z</time>
					</trkpt>
					<trkpt lat="45.829370" lon="5.984330">
						<ele>400</ele>
						<time>2025-03-18T20:24:58Z</time>
					</trkpt>
					<trkpt lat="45.829450" lon="5.984060">
						<ele>399</ele>
						<time>2025-03-18T20:25:02Z</time>
					</trkpt>
					<trkpt lat="45.829580" lon="5.983690">
						<ele>398</ele>
						<time>2025-03-18T20:25:07Z</time>
					</trkpt>
					<trkpt lat="45.829630" lon="5.983560">
						<ele>398</ele>
						<time>2025-03-18T20:25:08Z</time>
					</trkpt>
					<trkpt lat="45.829730" lon="5.983370">
						<ele>398</ele>
						<time>2025-03-18T20:25:11Z</time>
					</trkpt>
					<trkpt lat="45.830040" lon="5.982840">
						<ele>397</ele>
						<time>2025-03-18T20:25:20Z</time>
					</trkpt>
					<trkpt lat="45.830220" lon="5.982620">
						<ele>398</ele>
						<time>2025-03-18T20:25:24Z</time>
					</trkpt>
					<trkpt lat="45.830410" lon="5.982360">
						<ele>398</ele>
						<time>2025-03-18T20:25:29Z</time>
					</trkpt>
					<trkpt lat="45.830490" lon="5.982240">
						<ele>398</ele>
						<time>2025-03-18T20:25:31Z</time>
					</trkpt>
					<trkpt lat="45.830580" lon="5.982080">
						<ele>397</ele>
						<time>2025-03-18T20:25:34Z</time>
					</trkpt>
					<trkpt lat="45.830670" lon="5.981880">
						<ele>396</ele>
						<time>2025-03-18T20:25:36Z</time>
					</trkpt>
					<trkpt lat="45.830750" lon="5.981640">
						<ele>394</ele>
						<time>2025-03-18T20:25:40Z</time>
					</trkpt>
					<trkpt lat="45.830820" lon="5.981400">
						<ele>393</ele>
						<time>2025-03-18T20:25:43Z</time>
					</trkpt>
					<trkpt lat="45.831000" lon="5.980690">
						<ele>393</ele>
						<time>2025-03-18T20:25:52Z</time>
					</trkpt>
					<trkpt lat="45.831070" lon="5.980480">
						<ele>393</ele>
						<time>2025-03-18T20:25:55Z</time>
					</trkpt>
					<trkpt lat="45.831230" lon="5.980140">
						<ele>392</ele>
						<time>2025-03-18T20:26:00Z</time>
					</trkpt>
					<trkpt lat="45.831360" lon="5.979950">
						<ele>392</ele>
						<time>2025-03-18T20:26:04Z</time>
					</trkpt>
					<trkpt lat="45.831560" lon="5.979750">
						<ele>393</ele>
						<time>2025-03-18T20:26:08Z</time>
					</trkpt>
					<trkpt lat="45.831920" lon="5.979520">
						<ele>393</ele>
						<time>2025-03-18T20:26:15Z</time>
					</trkpt>
					<trkpt lat="45.834190" lon="5.978550">
						<ele>388</ele>
						<time>2025-03-18T20:26:57Z</time>
					</trkpt>
					<trkpt lat="45.834990" lon="5.978210">
						<ele>387</ele>
						<time>2025-03-18T20:27:12Z</time>
					</trkpt>
					<trkpt lat="45.835450" lon="5.978020">
						<ele>387</ele>
						<time>2025-03-18T20:27:20Z</time>
					</trkpt>
					<trkpt lat="45.836450" lon="5.977610">
						<ele>384</ele>
						<time>2025-03-18T20:27:39Z</time>
					</trkpt>
					<trkpt lat="45.837170" lon="5.977310">
						<ele>383</ele>
						<time>2025-03-18T20:27:52Z</time>
					</trkpt>
					<trkpt lat="45.837470" lon="5.977180">
						<ele>383</ele>
						<time>2025-03-18T20:27:58Z</time>
					</trkpt>
					<trkpt lat="45.837730" lon="5.977030">
						<ele>381</ele>
						<time>2025-03-18T20:28:03Z</time>
					</trkpt>
					<trkpt lat="45.837820" lon="5.976980">
						<ele>380</ele>
						<time>2025-03-18T20:28:05Z</time>
					</trkpt>
					<trkpt lat="45.837910" lon="5.976910">
						<ele>379</ele>
						<time>2025-03-18T20:28:06Z</time>
					</trkpt>
					<trkpt lat="45.838150" lon="5.976730">
						<ele>376</ele>
						<time>2025-03-18T20:28:11Z</time>
					</trkpt>
					<trkpt lat="45.838480" lon="5.976390">
						<ele>373</ele>
						<time>2025-03-18T20:28:18Z</time>
					</trkpt>
					<trkpt lat="45.838770" lon="5.976010">
						<ele>372</ele>
						<time>2025-03-18T20:28:25Z</time>
					</trkpt>
					<trkpt lat="45.839000" lon="5.975620">
						<ele>370</ele>
						<time>2025-03-18T20:28:32Z</time>
					</trkpt>
					<trkpt lat="45.839210" lon="5.975200">
						<ele>370</ele>
						<time>2025-03-18T20:28:38Z</time>
					</trkpt>
					<trkpt lat="45.839960" lon="5.973770">
						<ele>369</ele>
						<time>2025-03-18T20:29:00Z</time>
					</trkpt>
					<trkpt lat="45.840740" lon="5.972200">
						<ele>364</ele>
						<time>2025-03-18T20:29:24Z</time>
					</trkpt>
					<trkpt lat="45.841800" lon="5.970090">
						<ele>363</ele>
						<time>2025-03-18T20:29:57Z</time>
					</trkpt>
					<trkpt lat="45.842670" lon="5.968410">
						<ele>354</ele>
						<time>2025-03-18T20:30:22Z</time>
					</trkpt>
					<trkpt lat="45.842790" lon="5.968140">
						<ele>352</ele>
						<time>2025-03-18T20:30:26Z</time>
					</trkpt>
					<trkpt lat="45.843000" lon="5.967670">
						<ele>348</ele>
						<time>2025-03-18T20:30:33Z</time>
					</trkpt>
					<trkpt lat="45.844010" lon="5.965320">
						<ele>344</ele>
						<time>2025-03-18T20:31:08Z</time>
					</trkpt>
					<trkpt lat="45.844530" lon="5.964160">
						<ele>346</ele>
						<time>2025-03-18T20:31:25Z</time>
					</trkpt>
					<trkpt lat="45.844930" lon="5.963250">
						<ele>346</ele>
						<time>2025-03-18T20:31:38Z</time>
					</trkpt>
					<trkpt lat="45.844970" lon="5.963190">
						<ele>346</ele>
						<time>2025-03-18T20:31:39Z</time>
					</trkpt>
					<trkpt lat="45.845050" lon="5.963100">
						<ele>347</ele>
						<time>2025-03-18T20:31:41Z</time>
					</trkpt>
					<trkpt lat="45.844950" lon="5.963000">
						<ele>347</ele>
						<time>2025-03-18T20:31:43Z</time>
					</trkpt>
					<trkpt lat="45.844920" lon="5.963100">
						<ele>347</ele>
						<time>2025-03-18T20:31:44Z</time>
					</trkpt>
					<trkpt lat="45.844430" lon="5.964200">
						<ele>347</ele>
						<time>2025-03-18T20:32:01Z</time>
					</trkpt>
					<trkpt lat="45.844260" lon="5.964060">
						<ele>348</ele>
						<time>2025-03-18T20:32:04Z</time>
					</trkpt>
					<trkpt lat="45.844390" lon="5.963760">
						<ele>347</ele>
						<time>2025-03-18T20:32:08Z</time>
					</trkpt>
					<trkpt lat="45.844520" lon="5.963690">
						<ele>347</ele>
						<time>2025-03-18T20:32:11Z</time>
					</trkpt>
					<trkpt lat="45.844700" lon="5.963230">
						<ele>347</ele>
						<time>2025-03-18T20:32:17Z</time>
					</trkpt>
					<trkpt lat="45.844520" lon="5.963690">
						<ele>347</ele>
						<time>2025-03-18T20:32:24Z</time>
					</trkpt>
					<trkpt lat="45.844390" lon="5.963760">
						<ele>347</ele>
						<time>2025-03-18T20:32:26Z</time>
					</trkpt>
					<trkpt lat="45.844260" lon="5.964060">
						<ele>348</ele>
						<time>2025-03-18T20:32:31Z</time>
					</trkpt>
					<trkpt lat="45.844430" lon="5.964200">
						<ele>347</ele>
						<time>2025-03-18T20:32:34Z</time>
					</trkpt>
					<trkpt lat="45.844530" lon="5.964160">
						<ele>346</ele>
						<time>2025-03-18T20:32:36Z</time>
					</trkpt>
					<trkpt lat="45.844690" lon="5.963810">
						<ele>346</ele>
						<time>2025-03-18T20:32:41Z</time>
					</trkpt>
					<trkpt lat="45.844930" lon="5.963250">
						<ele>346</ele>
						<time>2025-03-18T20:32:50Z</time>
					</trkpt>
					<trkpt lat="45.844970" lon="5.963190">
						<ele>346</ele>
						<time>2025-03-18T20:32:51Z</time>
					</trkpt>
					<trkpt lat="45.845050" lon="5.963100">
						<ele>347</ele>
						<time>2025-03-18T20:32:52Z</time>
					</trkpt>
					<trkpt lat="45.845180" lon="5.962940">
						<ele>347</ele>
						<time>2025-03-18T20:32:55Z</time>
					</trkpt>
					<trkpt lat="45.845240" lon="5.962900">
						<ele>347</ele>
						<time>2025-03-18T20:32:57Z</time>
					</trkpt>
					<trkpt lat="45.845400" lon="5.962850">
						<ele>347</ele>
						<time>2025-03-18T20:32:59Z</time>
					</trkpt>
					<trkpt lat="45.845550" lon="5.962850">
						<ele>347</ele>
						<time>2025-03-18T20:33:02Z</time>
					</trkpt>
					<trkpt lat="45.845760" lon="5.962900">
						<ele>347</ele>
						<time>2025-03-18T20:33:06Z</time>
					</trkpt>
					<trkpt lat="45.845930" lon="5.962940">
						<ele>347</ele>
						<time>2025-03-18T20:33:09Z</time>
					</trkpt>
					<trkpt lat="45.846130" lon="5.962970">
						<ele>346</ele>
						<time>2025-03-18T20:33:13Z</time>
					</trkpt>
					<trkpt lat="45.846630" lon="5.962990">
						<ele>344</ele>
						<time>2025-03-18T20:33:21Z</time>
					</trkpt>
					<trkpt lat="45.846670" lon="5.963000">
						<ele>344</ele>
						<time>2025-03-18T20:33:22Z</time>
					</trkpt>
					<trkpt lat="45.846740" lon="5.963030">
						<ele>343</ele>
						<time>2025-03-18T20:33:24Z</time>
					</trkpt>
					<trkpt lat="45.846800" lon="5.963080">
						<ele>343</ele>
						<time>2025-03-18T20:33:25Z</time>
					</trkpt>
					<trkpt lat="45.847300" lon="5.963620">
						<ele>342</ele>
						<time>2025-03-18T20:33:36Z</time>
					</trkpt>
					<trkpt lat="45.847510" lon="5.963830">
						<ele>342</ele>
						<time>2025-03-18T20:33:40Z</time>
					</trkpt>
					<trkpt lat="45.847740" lon="5.964030">
						<ele>340</ele>
						<time>2025-03-18T20:33:45Z</time>
					</trkpt>
					<trkpt lat="45.847800" lon="5.964700">
						<ele>340</ele>
						<time>2025-03-18T20:33:54Z</time>
					</trkpt>
					<trkpt lat="45.847800" lon="5.964810">
						<ele>340</ele>
						<time>2025-03-18T20:33:55Z</time>
					</trkpt>
					<trkpt lat="45.847760" lon="5.965180">
						<ele>339</ele>
						<time>2025-03-18T20:34:00Z</time>
					</trkpt>
					<trkpt lat="45.847720" lon="5.965350">
						<ele>339</ele>
						<time>2025-03-18T20:34:02Z</time>
					</trkpt>
					<trkpt lat="45.847540" lon="5.965810">
						<ele>338</ele>
						<time>2025-03-18T20:34:08Z</time>
					</trkpt>
					<trkpt lat="45.847350" lon="5.966280">
						<ele>338</ele>
						<time>2025-03-18T20:34:15Z</time>
					</trkpt>
					</trkseg>
				</trk>
			</gpx>